'АВТОНОМНАЯ НЕКОММЕРЧЕСКАЯ ОРГАНИЗАЦИЯ "ЦЕНТР ТОВАРИЩЕСТВ СОБСТВЕННИКОВ ЖИЛЬЯ"'|'АНО "ЦЕНТР ТСЖ"'|'432001, УЛЬЯНОВСКАЯ ОБЛАСТЬ, Г УЛЬЯНОВСК, ПЕР РОБЕСПЬЕРА, д. Д. 2/79'|'Ульяновская обл, г. Ульяновск, пер. Робеспьера, д. 2/79'|'7325045705'|''
'ЖИЛИЩНО-СТРОИТЕЛЬНЫЙ КООПЕРАТИВ "ВЕРХНИЙ"'|'ВЕРХНИЙ (ЖСК)'|'432010, УЛЬЯНОВСКАЯ ОБЛАСТЬ, Г. УЛЬЯНОВСК, УЛ. ГОГОЛЯ, д. Д.32, кв. 43'|'Ульяновская обл, г. Ульяновск, ул. Гоголя, д. 32'|'7328021710'|''
'ТОВАРИЩЕСТВО СОБСТВЕННИКОВ ЖИЛЬЯ "ВОЛГА"'|'ВОЛГА (ТСЖ)'|'432027, ОБЛ УЛЬЯНОВСКАЯ, Г УЛЬЯНОВСК, УЛ УЛЬЯНЫ ГРОМОВОЙ, д. 1'|'Ульяновская обл, г. Ульяновск, ул. Ульяны Громовой, д. 1'|'7325033114'|''
'ЖИЛИЩНО-СТРОИТЕЛЬНЫЙ КООПЕРАТИВ "ДЕКОРАТИВНЫЕ КУЛЬТУРЫ"'|'ЖИЛИЩНО-СТРОИТЕЛЬНЫЙ КООПЕРАТИВ "ДЕКОРАТИВНЫЕ КУЛЬТУРЫ"'|'432035, Ульяновская область, Г. УЛЬЯНОВСК, ПР-КТ ГАЯ, д. Д.87Б'|'Ульяновская обл, г. Ульяновск, пр-кт. Гая, д. 87Б'|'7326008382'|''
'ЖИЛИЩНО-СТРОИТЕЛЬНЫЙ КООПЕРАТИВ "СОКОЛ"'|'ЖИЛИЩНО-СТРОИТЕЛЬНЫЙ КООПЕРАТИВ "СОКОЛ"'|'432042, ОБЛ УЛЬЯНОВСКАЯ, Г УЛЬЯНОВСК, УЛ СЕВАСТОПОЛЬСКАЯ, д. 10'|'Ульяновская обл, г. Ульяновск, ул. Севастопольская, д. 10'|'7327014558'|''
'ЖИЛИЩНЫЙ КООПЕРАТИВ "БУИНСКИЙ"'|'ЖК "БУИНСКИЙ"'|'432002, УЛЬЯНОВСКАЯ ОБЛАСТЬ, Г. УЛЬЯНОВСК, ПЕР. БУИНСКИЙ, д. Д. 16, кв. КВ. 1'|'Ульяновская обл, г. Ульяновск, пер. Буинский, д. 16'|'7325154077'|''
'ЖИЛИЩНЫЙ КООПЕРАТИВ "ВОЛЖСКИЙ"'|'ЖК "ВОЛЖСКИЙ"'|'432029, Ульяновская обл, г Ульяновск, ул Корунковой, д. 11'|'Ульяновская обл, г. Ульяновск, ул. Корунковой, д. 11'|'7327014653'|''
'ПОТРЕБИТЕЛЬСКИЙ    ЖИЛИЩНО - СТРОИТЕЛЬНЫЙ  КООПЕРАТИВ  "АВАНГАРД "'|'ЖСК "АВАНГАРД "'|'432032, УЛЬЯНОВСКАЯ ОБЛАСТЬ, Г. УЛЬЯНОВСК, УЛ. ПОЛБИНА, д. Д.61, к. ------------------------------, кв. ---------------------------'|'Ульяновская обл, г. Ульяновск, ул. Полбина, д. 61'|'7327015248'|''
'ПОТРЕБИТЕЛЬСКИЙ КООПЕРАТИВ ЖИЛИЩНО-СТРОИТЕЛЬНЫЙ КООПЕРАТИВ "АВРОРА"'|'ЖСК "Аврора"'|'432049, УЛЬЯНОВСКАЯ ОБЛАСТЬ, Г. УЛЬЯНОВСК, УЛ. АРТЕМА, д. Д.6, к. ------------, кв. -----------'|'Ульяновская обл, г. Ульяновск, ул. Артема, д. 6'|'7327014371'|''
'ПОТРЕБИТЕЛЬСКИЙ  КООПЕРАТИВ  ЖИЛИЩНО- СТРОИТЕЛЬНЫЙ  КООПЕРАТИВ "АВТОЗАВОДЕЦ"'|'ЖСК "АВТОЗАВОДЕЦ"'|'432034, Ульяновская обл, г Ульяновск, ул Терешковой, д. 12'|'Ульяновская обл, г. Ульяновск, ул. Терешковой, д. 12'|'7327014188'|''
'ПОТРЕБИТЕЛЬСКИЙ КООПЕРАТИВ ЖИЛИЩНО-СТРОИТЕЛЬНЫЙ КООПЕРАТИВ "АВТОМОБИЛИСТ"'|'ЖСК "АВТОМОБИЛИСТ"'|'432028, Ульяновская обл, г Ульяновск, ул Октябрьская, д. 21А'|'Ульяновская обл, г. Ульяновск, ул. Октябрьская, д. 21А'|'7327014935'|''
'ЖИЛИЩНО-СТРОИТЕЛЬНЫЙ КООПЕРАТИВ "АРКТИКА"'|'ЖСК "АРКТИКА"'|'432073, УЛЬЯНОВСКАЯ ОБЛАСТЬ, Г. УЛЬЯНОВСК, УЛ. РЯБИКОВА, д. Д.65, к. ----------------, кв. ------------------'|'Ульяновская обл, г. Ульяновск, ул. Рябикова, д. 65'|'7327014879'|''
'ЖИЛИЩНО-СТРОИТЕЛЬНЫЙ КООПЕРАТИВ "АСТРЕЯ"'|'ЖСК "АСТРЕЯ"'|'432063, Ульяновская обл, г Ульяновск, пр-кт Академика Филатова, д. 2, кв. 14'|'Ульяновская обл, г. Ульяновск, пр-кт. Академика Филатова, д. 2'|'7328006503'|''
'ЖИЛИЩНО-СТРОИТЕЛЬНЫЙ КООПЕРАТИВ "АТОМ"'|'ЖСК "АТОМ"'|'432054, Ульяновская область, Г. УЛЬЯНОВСК, УЛ. КАМЫШИНСКАЯ, д. Д.53, к. -----------------, кв. --------------'|'Ульяновская обл, г. Ульяновск, ул. Камышинская, д. 53'|'7327014357'|''
'ПОТРЕБИТЕЛЬСКОЕ ОБЩЕСТВО ЖИЛИЩНО-СТРОИТЕЛЬНЫЙ КООПЕРАТИВ "БЕЛКА"'|'ЖСК "БЕЛКА"'|'432049, ОБЛАСТЬ УЛЬЯНОВСКАЯ, ГОРОД УЛЬЯНОВСК, УЛИЦА АРТЕМА, д. 30, к. --------------, кв. ---------------'|'Ульяновская обл, г. Ульяновск, ул. Артема, д. 30'|'7327014396'|''
'ЖИЛИЩНО-СТРОИТЕЛЬНЫЙ КООПЕРАТИВ "БЕЛОМОРЕЦ"'|'ЖСК "БЕЛОМОРЕЦ"'|'432044, ОБЛАСТЬ УЛЬЯНОВСКАЯ, ГОРОД УЛЬЯНОВСК, УЛИЦА КОЛЬЦЕВАЯ, д. 38'|'Ульяновская обл, г. Ульяновск, ул. Кольцевая, д. 38'|'7326007445'|''
'ПОТРЕБИТЕЛЬСКОЕ ОБЩЕСТВО  ЖИЛИЩНО - СТРОИТЕЛЬНЫЙ  КООПЕРАТИВ "БЕЛЫЕ  НОЧИ "'|'ЖСК "БЕЛЫЕ  НОЧИ "'|'432045, ОБЛ УЛЬЯНОВСКАЯ, Г УЛЬЯНОВСК, УЛ КУЗОВАТОВСКАЯ, д. 43, кв. 39'|'Ульяновская обл, г. Ульяновск, ул. Кузоватовская, д. 43'|'7327014212'|''
'ПОТРЕБИТЕЛЬСКИЙ ЖИЛИЩНО-СТРОИТЕЛЬНЫЙ КООПЕРАТИВ "БУРЕВЕСТНИК"'|'ЖСК "БУРЕВЕСТНИК"'|'432042, ОБЛАСТЬ УЛЬЯНОВСКАЯ, ГОРОД УЛЬЯНОВСК, УЛИЦА РЯБИКОВА, д. 17, к. ----------, кв. ---------'|'Ульяновская обл, г. Ульяновск, ул. Рябикова, д. 17'|'7327014445'|''
'ЖИЛИЩНО-СТРОИТЕЛЬНЫЙ КООПЕРАТИВ "ВАСИЛЕК"'|'ЖСК "ВАСИЛЕК"'|'432035, ОБЛАСТЬ УЛЬЯНОВСКАЯ, Г. УЛЬЯНОВСК, УЛ. ВАРЕЙКИСА, д. Д.7'|'Ульяновская обл, г. Ульяновск, ул. Варейкиса, д. 7'|'7326007452'|''
'ЖИЛИЩНО-СТРОИТЕЛЬНЫЙ КООПЕРАТИВ "ВЕНЕРА"'|'ЖСК "ВЕНЕРА"'|'432045, УЛЬЯНОВСКАЯ ОБЛАСТЬ, Г. УЛЬЯНОВСК, УЛ. КУЗОВАТОВСКАЯ, д. Д.45'|'Ульяновская обл, г. Ульяновск, ул. Кузоватовская, д. 45'|'7327014220'|''
'ПОТРЕБИТЕЛЬСКОЕ ОБЩЕСТВО ЖИЛИЩНО-СТРОИТЕЛЬНЫЙ  КООПЕРАТИВ "ВЕСЕННИЙ"'|'ЖСК "ВЕСЕННИЙ"'|'432029, ОБЛАСТЬ УЛЬЯНОВСКАЯ, ГОРОД УЛЬЯНОВСК, УЛИЦА КАМЫШИНСКАЯ, д. 15, к. ---------------, кв. ---------------'|'Ульяновская обл, г. Ульяновск, ул. Камышинская, д. 15'|'7327014903'|''
'ПОТРЕБИТЕЛЬСКИЙ ЖИЛИЩНО-СТРОИТЕЛЬНЫЙ КООПЕРАТИВ "ВЕСНА"'|'ЖСК "ВЕСНА"'|'432034, УЛЬЯНОВСКАЯ ОБЛАСТЬ, Г. УЛЬЯНОВСК, Ш. МОСКОВСКОЕ, д. Д.59, к. -----------------------, кв. ---------------------------'|'Ульяновская обл, г. Ульяновск, ш. Московское, д. 59'|'7327016611'|''
'ПОТРЕБИТЕЛЬСКОЕ ОБЩЕСТВО ЖИЛИЩНО-СТРОИТЕЛЬНЫЙ КООПЕРАТИВ " ВЕТЕРАН "'|'ЖСК " ВЕТЕРАН "'|'432054, ОБЛАСТЬ УЛЬЯНОВСКАЯ, ГОРОД УЛЬЯНОВСК, УЛИЦА ЕФРЕМОВА, д. 129, к. ------------------, кв. ------------'|'Ульяновская обл, г. Ульяновск, ул. Ефремова, д. 129'|'7327016650'|''
'ПОТРЕБИТЕЛЬСКОЕ ОБЩЕСТВО  ЖИЛИЩНО - СТРОИТЕЛЬНЫЙ КООПЕРАТИВ  "ВОСХОД "'|'ЖСК "ВОСХОД"'|'432013, УЛЬЯНОВСКАЯ ОБЛАСТЬ, Г. УЛЬЯНОВСК, УЛ. ПРОМЫШЛЕННАЯ, д. Д.84, к. ------------------------, кв. ----------------------------'|'Ульяновская обл, г. Ульяновск, ул. Промышленная'|'7327016570'|''
'ПОТРЕБИТЕЛЬСКОЕ  ОБЩЕСТВО  ЖИЛИЩНО - СТРОИТЕЛЬНЫЙ КООПЕРАТИВ  "ВЫСОТА"'|'ЖСК "ВЫСОТА"'|'432045, Ульяновская обл, г Ульяновск, ул Рябикова, д. 29А'|'Ульяновская обл, г. Ульяновск, ул. Рябикова, д. 29А'|'7327016675'|''
'ЖИЛИЩНО-СТРОИТЕЛЬНЫЙ КООПЕРАТИВ "ГВОЗДИКА"'|'ЖСК "ГВОЗДИКА"'|'432045, Ульяновская обл, г Ульяновск, ул Рябикова, д. 60'|'Ульяновская обл, г. Ульяновск, ул. Рябикова, д. 60'|'7327014580'|''
'ПОТРЕБИТЕЛЬСКОЕ ОБЩЕСТВО ЖИЛИЩНО-СТРОИТЕЛЬНЫЙ КООПЕРАТИВ "ГЕОРГИН"'|'ЖСК "ГЕОРГИН"'|'432066, УЛЬЯНОВСКАЯ ОБЛАСТЬ, Г. УЛЬЯНОВСК, УЛ. РЯБИКОВА, д. Д.73, к. -----------, кв. ----------'|'Ульяновская обл, г. Ульяновск, ул. Рябикова, д. 73'|'7327014460'|''
'ПОТРЕБИТЕЛЬСКИЙ ЖИЛИЩНО-СТРОИТЕЛЬНЫЙ КООПЕРАТИВ "ГОРИЗОНТ"'|'ЖСК "ГОРИЗОНТ"'|'432045, Ульяновская обл, г Ульяновск, ул Кузоватовская, д. 51'|'Ульяновская обл, г. Ульяновск, ул. Кузоватовская, д. 51'|'7327015760'|''
'ЖИЛИЩНО-СТРОИТЕЛЬНЫЙ КООПЕРАТИВ "ДЕВИЗ"'|'ЖСК"ДЕВИЗ "'|'432063, ОБЛ УЛЬЯНОВСКАЯ, Г УЛЬЯНОВСК, УЛ КАРЛА ЛИБКНЕХТА, д. 6, кв. 40'|'Ульяновская обл, г. Ульяновск, ул. Карла Либкнехта, д. 6'|'7325901057'|''
'ЖИЛИЩНО-СТРОИТЕЛЬНЫЙ КООПЕРАТИВ "ДЕЛЬФИН"'|'ЖСК "ДЕЛЬФИН"'|'432049, Ульяновская обл, г Ульяновск, ул Артема, д. 39'|'Ульяновская обл, г. Ульяновск, ул. Артема, д. 39'|'7327014413'|''
'ЖИЛИЩНО-СТРОИТЕЛЬНЫЙ КООПЕРАТИВ "ДОСТРОЙ"'|'ЖСК "ДОСТРОЙ"'|'432029, Ульяновская обл, г Ульяновск, ул Корунковой, д. 15'|'Ульяновская обл, г. Ульяновск, ул. Корунковой, д. 15А'|'7327043742'|''
'ПОТРЕБИТЕЛЬСКИЙ КООПЕРАТИВ ЖИЛИЩНО-СТРОИТЕЛЬНЫЙ КООПЕРАТИВ "ДРУЖБА"'|'ЖСК "ДРУЖБА"'|'432042, УЛЬЯНОВСКАЯ ОБЛАСТЬ, Г. УЛЬЯНОВСК, УЛ. РЯБИКОВА, д. Д.15'|'Ульяновская обл, г. Ульяновск, ул. Рябикова, д. 15'|'7327014540'|''
'ПОТРЕБИТЕЛЬСКИЙ КООПЕРАТИВ ЖИЛИЩНО-СТРОИТЕЛЬНЫЙ КООПЕРАТИВ "ЗАПАДНЫЙ"'|'ЖСК "ЗАПАДНЫЙ"'|'432045, ОБЛ УЛЬЯНОВСКАЯ, Г УЛЬЯНОВСК, УЛ КУЗОВАТОВСКАЯ, д. 28'|'Ульяновская обл, г. Ульяновск, ул. Кузоватовская, д. 28'|'7327014854'|''
'Жилищно-строительный кооператив "Заречный"'|'ЖСК "Заречный"'|'432049, Ульяновская обл, г Ульяновск, ул Аблукова, д. 105'|'Ульяновская обл, г. Ульяновск, ул. Аблукова, д. 105'|'7327015777'|''
'ПОТРЕБИТЕЛЬСКИЙ КООПЕРАТИВ ЖИЛИЩНО-СТРОИТЕЛЬНЫЙ КООПЕРАТИВ "ЗВЕЗДА"'|'ЖСК "ЗВЕЗДА"'|'432026, УЛЬЯНОВСКАЯ ОБЛАСТЬ, Г. УЛЬЯНОВСК, УЛ. ТЕРЕШКОВОЙ, д. Д.24, к. ------------, кв. ------------'|'Ульяновская обл, г. Ульяновск, ул. Терешковой, д. 24'|'7327014928'|''
'ЖИЛИЩНО-СТРОИТЕЛЬНЫЙ КООПЕРАТИВ "ГЕРОЕВ СВИРИ"'|'ЖСК имени "Героев Свири"'|'432044, Ульяновская обл, р-н Железнодорожный, г Ульяновск, ул Хрустальная, д. 15'|'Ульяновская обл, г. Ульяновск, ул. Хрустальная, д. 15'|'7326007491'|''
'ПОТРЕБИТЕЛЬСКОЕ ОБЩЕСТВО ЖИЛИЩНО-СТРОИТЕЛЬНЫЙ КООПЕРАТИВ "ИМПУЛЬС"'|'ЖСК "ИМПУЛЬС"'|'432013, Ульяновская обл, р-н Засвияжский, г Ульяновск, ул Шолмова, д. 5'|'Ульяновская обл, г. Ульяновск, ул. Шолмова, д. 5, корп. 2'|'7327014477'|''
'ПОТРЕБИТЕЛЬСКИЙ КООПЕРАТИВ ЖИЛИЩНО-СТРОИТЕЛЬНЫЙ  КООПЕРАТИВ "КЛЁН"'|'ЖСК "Клён "'|'432054, Ульяновская обл, г Ульяновск, ул Ефремова, д. 95'|'Ульяновская обл, г. Ульяновск, ул. Ефремова, д. 95'|'7327014597'|''
'ПОТРЕБИТЕЛЬСКОЕ ОБЩЕСТВО ЖИЛИЩНО-СТРОИТЕЛЬНЫЙ КООПЕРАТИВ "КОНСТРУКТОР"'|'ЖСК "КОНСТРУКТОР"'|'432042, Ульяновская обл, г Ульяновск, ул Станкостроителей, д. 19'|'Ульяновская обл, г. Ульяновск, ул. Станкостроителей, д. 19'|'7327014163'|''
'ПОТРЕБИТЕЛЬСКИЙ КООПЕРАТИВ  ЖИЛИЩНО-СТРОИТЕЛЬНЫЙ КООПЕРАТИВ "КРИСТАЛЛ"'|'ЖСК "КРИСТАЛЛ"'|'432045, УЛЬЯНОВСКАЯ ОБЛАСТЬ, Г. УЛЬЯНОВСК, УЛ. КУЗОВАТОВСКАЯ, д. Д.58'|'Ульяновская обл, г. Ульяновск, ул. Кузоватовская, д. 58'|'7327014614'|''
'ПОТРЕБИТЕЛЬСКИЙ ЖИЛИЩНО-СТРОИТЕЛЬНЫЙ КООПЕРАТИВ " ЛУНА"'|'ЖСК " ЛУНА"'|'432061, Ульяновская обл, р-н Засвияжский, г Ульяновск, ул Пушкарева, д. 62'|'Ульяновская обл, г. Ульяновск, ул. Пушкарева, д. 62'|'7327014420'|''
'ПОТРЕБИТЕЛЬСКОЕ ОБЩЕСТВО ЖИЛИЩНО - СТРОИТЕЛЬНЫЙ КООПЕРАТИВ "МАЙСКИЙ"'|'ЖСК "МАЙСКИЙ"'|'432066, обл УЛЬЯНОВСКАЯ, г УЛЬЯНОВСК, ул КОРУНКОВОЙ, д. 7, кв. 49-96'|'Ульяновская обл, г. Ульяновск, ул. Корунковой, д. 7'|'7327014501'|''
'ПОТРЕБИТЕЛЬСКИЙ КООПЕРАТИВ ЖИЛИЩНО-СТРОИТЕЛЬНЫЙ КООПЕРАТИВ  "МАРС"'|'ЖСК "МАРС"'|'432054, ОБЛАСТЬ УЛЬЯНОВСКАЯ, ГОРОД УЛЬЯНОВСК, УЛИЦА ЕФРЕМОВА, д. 109'|'Ульяновская обл, г. Ульяновск, ул. Ефремова, д. 109'|'7327014621'|''
'ПОТРЕБИТЕЛЬСКИЙ ЖИЛИЩНО - СТРОИТЕЛЬНЫЙ КООПЕРАТИВ "МАШИНОСТРОИТЕЛЬ"'|'ЖСК "МАШИНОСТРОИТЕЛЬ"'|'432034, ОБЛ УЛЬЯНОВСКАЯ, Г УЛЬЯНОВСК, Ш МОСКОВСКОЕ, д. 61'|'Ульяновская обл, г. Ульяновск, ш. Московское, д. 61'|'7327015223'|''
'ПОТРЕБИТЕЛЬСКОЕ ОБЩЕСТВО ЖИЛИЩНО-СТРОИТЕЛЬНЫЙ КООПЕРАТИВ  "МЕЧТА"'|'ЖСК "МЕЧТА"'|'432013, Ульяновская обл, г Ульяновск, ул Промышленная, д. 74'|'Ульяновская обл, г. Ульяновск, ул. Промышленная, д. 74'|'7327014283'|''
'ЖИЛИЩНО-СТРОИТЕЛЬНЫЙ КООПЕРАТИВ ПОТРЕБИТЕЛЬСКИЙ КООПЕРАТИВ " МИР "'|'ЖСК " МИР "'|'432034, ОБЛАСТЬ УЛЬЯНОВСКАЯ, ГОРОД УЛЬЯНОВСК, УЛИЦА ПОЛБИНА, д. 33'|'Ульяновская обл, г. Ульяновск, ул. Полбина, д. 33'|'7327014438'|''
'ЖИЛИЩНО-СТРОИТЕЛЬНЫЙ КООПЕРАТИВ "МОТОРОСТРОИТЕЛЬ"'|'ЖСК "МОТОРОСТРОИТЕЛЬ"'|'432012, Ульяновская обл, р-н Железнодорожный, г Ульяновск, ул Клубная, д. 12'|'Ульяновская обл, г. Ульяновск, ул. Клубная, д. 12'|'7326007371'|''
'ПОТРЕБИТЕЛЬСКИЙ  КООПЕРАТИВ  ЖИЛИЩНО - СТРОИТЕЛЬНЫЙ  КООПЕРАТИВ  "НАБЕРЕЖНЫЙ "'|'ЖСК "НАБЕРЕЖНЫЙ "'|'432049, ОБЛАСТЬ УЛЬЯНОВСКАЯ, Г. УЛЬЯНОВСК, УЛ. АРТЕМА, д. Д.7 / 59, к. --------------------, кв. -------------------'|'Ульяновская обл, г. Ульяновск, ул. Артема, д. 7/59'|'7327014565'|''
'ПОТРЕБИТЕЛЬСКИЙ КООПЕРАТИВ ЖИЛИЩНО-СТРОИТЕЛЬНЫЙ КООПЕРАТИВ "НАДЕЖДА"'|'ЖСК "НАДЕЖДА"'|'432029, Ульяновская обл, г Ульяновск, ул Кузоватовская, д. 12/3'|'Ульяновская обл, г. Ульяновск, ул. Кузоватовская, д. 12/3'|'7327016629'|''
'ЖИЛИЩНО-СТРОИТЕЛЬНЫЙ КООПЕРАТИВ "НОВИНКА"'|'ЖСК "НОВИНКА"'|'432048, ОБЛАСТЬ УЛЬЯНОВСКАЯ, Г. УЛЬЯНОВСК, УЛ. 12 СЕНТЯБРЯ, д. Д.85'|'Ульяновская обл, г. Ульяновск, ул. 12 Сентября, д. 85'|'7326007389'|''
'ПОТРЕБИТЕЛЬСКОЕ  ОБЩЕСТВО ЖИЛИЩНО - СТРОИТЕЛЬНЫЙ  КООПЕРАТИВ  "НОВЫЙ "'|'ЖСК "НОВЫЙ "'|'432054, ОБЛАСТЬ УЛЬЯНОВСКАЯ, ГОРОД УЛЬЯНОВСК, УЛИЦА ЕФРЕМОВА, д. 127, к. ---------------------------, кв. ----------------------------'|'Ульяновская обл, г. Ульяновск, ул. Ефремова, д. 127'|'7327014950'|''
'ПОТРЕБИТЕЛЬСКИЙ КООПЕРАТИВ ЖИЛИЩНО-СТРОИТЕЛЬНЫЙ  КООПЕРАТИВ  "ОРИОН"'|'ЖСК "ОРИОН"'|'432073, Ульяновская область, Г. УЛЬЯНОВСК, УЛ. ШОЛМОВА, д. Д.37/4, к. -----------------, кв. ---------------'|'Ульяновская обл, г. Ульяновск, ул. Шолмова, д. 37/4'|'7327016555'|''
'ПОТРЕБИТЕЛЬСКИЙ КООПЕРАТИВ ЖИЛИЩНО-СТРОИТЕЛЬНЫЙ КООПЕРАТИВ "ОТРАДНЫЙ"'|'ЖСК "ОТРАДНЫЙ"'|'432066, Ульяновская область, Г. УЛЬЯНОВСК, УЛ. РЯБИКОВА, д. Д.77, к. ---------, кв. ---------'|'Ульяновская обл, г. Ульяновск, ул. Рябикова, д. 77/48, корп. 1'|'7327014276'|''
'ПОТРЕБИТЕЛЬСКИЙ ЖИЛИЩНО-СТРОИТЕЛЬНЫЙ КООПЕРАТИВ "ПАРУС"'|'ЖСК "ПАРУС "'|'432029, Ульяновская обл, г Ульяновск, ул Корунковой, д. 7'|'Ульяновская обл, г. Ульяновск, ул. Корунковой, д. 7'|'7327017975'|''
'ЖИЛИЩНО - СТРОИТЕЛЬНЫЙ КООПЕРАТИВ "ПАТРИОТ"'|'ЖСК "ПАТРИОТ"'|'432073, ОБЛАСТЬ УЛЬЯНОВСКАЯ, ГОРОД УЛЬЯНОВСК, УЛИЦА КАМЫШИНСКАЯ, д. 16'|'Ульяновская обл, г. Ульяновск, ул. Камышинская, д. 16, корп. 1'|'7327014237'|''
'ПОТРЕБИТЕЛЬСКИЙ  ЖИЛИЩНО-СТРОИТЕЛЬНЫЙ КООПЕРАТИВ "ПЕРВОМАЙСКИЙ"'|'ЖСК " ПЕРВОМАЙСКИЙ"'|'432045, ОБЛ УЛЬЯНОВСКАЯ, Г УЛЬЯНОВСК, УЛ ЕФРЕМОВА, д. 51'|'Ульяновская обл, г. Ульяновск, ул. Ефремова, д. 51'|'7327015752'|''
'ПОТРЕБИТЕЛЬСКИЙ КООПЕРАТИВ ЖИЛИЩНО-СТРОИТЕЛЬНЫЙ КООПЕРАТИВ " ПЕРСПЕКТИВНЫЙ"'|'ЖСК " ПЕРСПЕКТИВНЫЙ"'|'432073, Ульяновская обл, р-н Засвияжский, г Ульяновск, ул Отрадная, д. 2'|'Ульяновская обл, г. Ульяновск, ул. Отрадная, д. 2'|'7327014269'|''
'ЖИЛИЩНО-СТРОИТЕЛЬНЫЙ КООПЕРАТИВ "ПЕТРОВ ОВРАГ"'|'ЖСК "ПЕТРОВ ОВРАГ"'|'432059, ОБЛАСТЬ УЛЬЯНОВСКАЯ, ГОРОД УЛЬЯНОВСК, УЛИЦА БАРИ ТАРХАНОВА, д. 1'|'Ульяновская обл, г. Ульяновск, ул. Бари Тарханова, д. 1'|'7328015635'|''
'ПОТРЕБИТЕЛЬСКОЕ ОБЩЕСТВО ЖИЛИЩНО - СТРОИТЕЛЬНЫЙ КООПЕРАТИВ " ПОЛЯРНИК"'|'ЖСК "ПОЛЯРНИК"'|'432045, УЛЬЯНОВСКАЯ ОБЛАСТЬ, Г. УЛЬЯНОВСК, УЛ. ЕФРЕМОВА, д. Д.67, к. ------------------, кв. ----------------'|'Ульяновская обл, г. Ульяновск, ул. Ефремова, д. 67'|'7327014340'|''
'ЖИЛИЩНО-СТРОИТЕЛЬНЫЙ КООПЕРАТИВ "ПРИБОРОСТРОИТЕЛЬ"'|'ЖСК "ПРИБОРОСТРОИТЕЛЬ"'|'432063, ОБЛ УЛЬЯНОВСКАЯ, Г УЛЬЯНОВСК, УЛ КАРЛА ЛИБКНЕХТА, д. 16, кв. 16'|'Ульяновская обл, г. Ульяновск, ул. Карла Либкнехта, д. 16'|'7325901089'|''
'ПОТРЕБИТЕЛЬСКИЙ КООПЕРАТИВ ЖИЛИЩНО-СТРОИТЕЛЬНЫЙ КООПЕРАТИВ "РАКЕТА"'|'ЖСК "РАКЕТА"'|'432034, Ульяновская обл, г Ульяновск, ул Терешковой, д. 8'|'Ульяновская обл, г. Ульяновск, ул. Терешковой, д. 8'|'7327014332'|''
'ЖИЛИЩНО-СТРОИТЕЛЬНЫЙ КООПЕРАТИВ "РОМАШКА"'|'ЖСК "Ромашка"'|'432044, УЛЬЯНОВСКАЯ ОБЛАСТЬ, Г. УЛЬЯНОВСК, УЛ. КОЛЬЦЕВАЯ, д. Д.28'|'Ульяновская обл, г. Ульяновск, ул. Кольцевая, д. 28'|'7326007533'|''
'ПОТРЕБИТЕЛЬСКОЕ ОБЩЕСТВО ЖИЛИЩНО-СТРОИТЕЛЬНЫЙ КООПЕРАТИВ " РУСЛАН "'|'ЖСК " РУСЛАН "'|'432029, ОБЛ УЛЬЯНОВСКАЯ, Г УЛЬЯНОВСК, УЛ ШОЛМОВА, д. 19, к. 2'|'Ульяновская обл, г. Ульяновск, ул. Шолмова, д. 19/2'|'7327014607'|''
'ПОТРЕБИТЕЛЬСКОЕ ОБЩЕСТВО ЖИЛИЩНО-СТРОИТЕЛЬНЫЙ КООПЕРАТИВ "САМАРА"'|'ЖСК "САМАРА"'|'432029, ОБЛАСТЬ УЛЬЯНОВСКАЯ, Г. УЛЬЯНОВСК, УЛ. КАМЫШИНСКАЯ, д. Д.15, к. ----------, кв. -----------'|'Ульяновская обл, г. Ульяновск, ул. Камышинская, д. 15, корп. 1'|'7327014861'|''
'ПОТРЕБИТЕЛЬСКОЕ ОБЩЕСТВО ЖИЛИЩНО-СТРОИТЕЛЬНЫЙ КООПЕРАТИВ "СВЕТЛЫЙ"'|'ЖСК "СВЕТЛЫЙ"'|'432029, Ульяновская обл, г Ульяновск, ул Корунковой, д. 14'|'Ульяновская обл, г. Ульяновск, ул. Корунковой, д. 14'|'7327014660'|''
'ПОТРЕБИТЕЛЬСКИЙ  ЖИЛИЩНО - СТРОИТЕЛЬНЫЙ  КООПЕРАТИВ  "СВИЯГА "'|'ЖСК "СВИЯГА "'|'432049, ОБЛАСТЬ УЛЬЯНОВСКАЯ, ГОРОД УЛЬЯНОВСК, УЛИЦА АРТЕМА, д. 24, к. -----------------------, кв. -----------------------'|'Ульяновская обл, г. Ульяновск, ул. Артема, д. 24'|'7327014406'|''
'ЖИЛИЩНО-СТРОИТЕЛЬНЫЙ КООПЕРАТИВ "СВОБОДЫ"'|'ЖСК "СВОБОДЫ"'|'432063, ОБЛАСТЬ УЛЬЯНОВСКАЯ, ГОРОД УЛЬЯНОВСК, УЛИЦА СВОБОДЫ, д. ДОМ 30'|'Ульяновская обл, г. Ульяновск, ул. Свободы, д. 30'|'7326056587'|''
'ПОТРЕБИТЕЛЬСКОЕ ОБЩЕСТВО ЖИЛИЩНО - СТРОИТЕЛЬНЫЙ КООПЕРАТИВ  "СЕВЕРНОЕ СИЯНИЕ"'|'ЖСК "СЕВЕРНОЕ СИЯНИЕ"'|'432045, УЛЬЯНОВСКАЯ ОБЛАСТЬ, Г. УЛЬЯНОВСК, УЛ. ОТРАДНАЯ, д. Д.84, к. ------------------, кв. --------------------'|'Ульяновская обл, г. Ульяновск, ул. Отрадная, д. 84'|'7327014692'|''
'ЖИЛИЩНО-СТРОИТЕЛЬНЫЙ  ПОТРЕБИТЕЛЬСКИЙ КООПЕРАТИВ " СЕВЕРЯНИН"'|'ЖСК " СЕВЕРЯНИН"'|'432049, Ульяновская обл, г Ульяновск, ул Аблукова, д. 95'|'Ульяновская обл, г. Ульяновск, ул. Аблукова, д. 95'|'7327014452'|''
'ПОТРЕБИТЕЛЬСКОЕ ОБЩЕСТВО ЖИЛИЩНО-СТРОИТЕЛЬНЫЙ КООПЕРАТИВ "СИМБИРСКИЙ"'|'ЖСК "СИМБИРСКИЙ"'|'432029, Ульяновская обл, г Ульяновск, ул Корунковой, д. 12'|'Ульяновская обл, г. Ульяновск, ул. Корунковой, д. 12'|'7327014646'|''
'ПОТРЕБИТЕЛЬСКОЕ  ОБЩЕСТВО  ЖИЛИЩНО - СТРОИТЕЛЬНЫЙ КООПЕРАТИВ  "СОЮЗ"'|'ЖСК "СОЮЗ "'|'432045, ОБЛАСТЬ УЛЬЯНОВСКАЯ, Г. УЛЬЯНОВСК, УЛ. КУЗОВАТОВСКАЯ, д. Д.21, к. -----------------, кв. -----------------'|'Ульяновская обл, г. Ульяновск, ул. Кузоватовская, д. 21'|'7327017573'|''
'ПОТРЕБИТЕЛЬСКИЙ ЖИЛИЩНО-СТРОИТЕЛЬНЫЙ КООПЕРАТИВ "СПАРТАК"'|'ЖСК "СПАРТАК"'|'432054, ОБЛАСТЬ УЛЬЯНОВСКАЯ, Г. УЛЬЯНОВСК, УЛ. КАМЫШИНСКАЯ, д. Д.61'|'Ульяновская обл, г. Ульяновск, ул. Камышинская, д. 61'|'7327014830'|''
'ПОТРЕБИТЕЛЬСКИЙ КООПЕРАТИВ ЖИЛИЩНО-СТРОИТЕЛЬНЫЙ КООПЕРАТИВ "СТАНКОСТРОЙ"'|'ЖСК "СТАНКОСТРОЙ"'|'432042, УЛЬЯНОВСКАЯ ОБЛАСТЬ, Г. УЛЬЯНОВСК, УЛ. ЕФРЕМОВА, д. Д.13'|'Ульяновская обл, г. Ульяновск, ул. Ефремова, д. 13'|'7327014290'|''
'ЖИЛИЩНО-СТРОИТЕЛЬНЫЙ КООПЕРАТИВ "УЛЬЯНОВЕЦ"'|'ЖСК "УЛЬЯНОВЕЦ"'|'432028, УЛЬЯНОВСКАЯ ОБЛАСТЬ, Г. УЛЬЯНОВСК, УЛ. ОКТЯБРЬСКАЯ, д. Д.47'|'Ульяновская обл, г. Ульяновск, ул. Октябрьская, д. 47'|'7327015230'|''
'ПОТРЕБИТЕЛЬСКИЙ КООПЕРАТИВ  ЖИЛИЩНО -   СТРОИТЕЛЬНЫЙ  КООПЕРАТИВ  "ЧАЙКА "'|'ЖСК "ЧАЙКА"'|'432028, УЛЬЯНОВСКАЯ ОБЛАСТЬ, Г УЛЬЯНОВСК, ПРОЕЗД ПОЛБИНА, д. Д. 28, кв. КВ. 6'|'Ульяновская обл, г. Ульяновск, проезд. Полбина, д. 28'|'7327014205'|''
'ЖИЛИЩНО-СТРОИТЕЛЬНЫЙ КООПЕРАТИВ "ЧЕРЕМУХА"'|'ЖСК " ЧЕРЕМУХА"'|'432045, ОБЛАСТЬ УЛЬЯНОВСКАЯ, ГОРОД УЛЬЯНОВСК, УЛИЦА ПРОМЫШЛЕННАЯ, д. 42'|'Ульяновская обл, г. Ульяновск, ул. Промышленная, д. 42'|'7327015819'|''
'ПОТРЕБИТЕЛЬСКИЙ КООПЕРАТИВ ЖИЛИЩНО-СТРОИТЕЛЬНЫЙ КООПЕРАТИВ " ЭКСПЕРИМЕНТ"'|'ЖСК " ЭКСПЕРИМЕНТ"'|'432049, Ульяновская обл, р-н Засвияжский, г Ульяновск, ул Пушкарева, д. 72/45'|'Ульяновская обл, г. Ульяновск, ул. Пушкарева'|'7327014815'|''
'ЖИЛИЩНО-СТРОИТЕЛЬНЫЙ КООПЕРАТИВ "ЭЛЕКТРОМАШ"'|'ЖСК "ЭЛЕКТРОМАШ"'|'432072, ОБЛАСТЬ УЛЬЯНОВСКАЯ, ГОРОД УЛЬЯНОВСК, БУЛЬВАР НОВОСОНДЕЦКИЙ, д. 18, кв. 148'|'Ульяновская обл, г. Ульяновск, б-р. Пензенский, д. 15'|'7328014896'|''
'ПОТРЕБИТЕЛЬСКОЕ ОБЩЕСТВО ЖИЛИЩНО-СТРОИТЕЛЬНЫЙ КООПЕРАТИВ "ЮНОСТЬ"'|'ЖСК "ЮНОСТЬ"'|'432032, Ульяновская обл, г Ульяновск, ул Полбина, д. 63'|'Ульяновская обл, г. Ульяновск, ул. Полбина, д. 63'|'7327015216'|''
'ЖИЛИЩНО-СТРОИТЕЛЬНЫЙ КООПЕРАТИВ "ЯНТАРЬ"'|'ЖСК "ЯНТАРЬ"'|'432054, ОБЛАСТЬ УЛЬЯНОВСКАЯ, ГОРОД УЛЬЯНОВСК, УЛИЦА КАМЫШИНСКАЯ, д. 48, к. -----------------------, кв. ----------------------'|'Ульяновская обл, г. Ульяновск, ул. Камышинская, д. 48'|'7327014942'|''
'ОБЩЕСТВО С ОГРАНИЧЕННОЙ ОТВЕТСТВЕННОСТЬЮ "ТСЖ ЛЕВОБЕРЕЖНОЕ"'|'ОБЩЕСТВО С ОГРАНИЧЕННОЙ ОТВЕТСТВЕННОСТЬЮ "ТСЖ ЛЕВОБЕРЕЖНОЕ"'|'432064, УЛЬЯНОВСКАЯ ОБЛАСТЬ, Г УЛЬЯНОВСК, ПР-КТ ГЕНЕРАЛА ТЮЛЕНЕВА, д. Д. 20'|'Ульяновская обл, г. Ульяновск, пр-кт. Генерала Тюленева, д. 20'|'7328057603'|''
'ОБЩЕСТВО С ОГРАНИЧЕННОЙ ОТВЕТСТВЕННОСТЬЮ "УК ЗЕЛЁНЫЙ ДВОР"'|'ОБЩЕСТВО С ОГРАНИЧЕННОЙ ОТВЕТСТВЕННОСТЬЮ "УК ЗЕЛЁНЫЙ ДВОР"'|'432046, Ульяновская область, Г УЛЬЯНОВСК, УЛ САДОВАЯ, д. Д. 2, кв. ПОМЕЩ. 1 ОФИС 17А'|'Ульяновская обл, г. Ульяновск, ул. Садовая, д. 2'|'7328110110'|''
'ОБЩЕСТВО С ОГРАНИЧЕННОЙ ОТВЕТСТВЕННОСТЬЮ "АЛМАЗ ПЛЮС"'|'ООО"АЛМАЗ плюс"'|'432054, ОБЛАСТЬ УЛЬЯНОВСКАЯ, ГОРОД УЛЬЯНОВСК, УЛИЦА ЕФРЕМОВА, д. ДОМ 99, кв. ПОМЕЩЕНИЕ 21'|'Ульяновская обл, г. Ульяновск, ул. Ефремова, д. 99'|'7325117526'|''
'ОБЩЕСТВО С ОГРАНИЧЕННОЙ ОТВЕТСТВЕННОСТЬЮ "АЛЬБИОН"'|'ООО "Альбион"'|'432071, ОБЛ УЛЬЯНОВСКАЯ, Г УЛЬЯНОВСК, УЛ ФЕДЕРАЦИИ, д. ДОМ 5/10'|'Ульяновская обл, г. Ульяновск, ул. Федерации, д. 5/10'|'7325142723'|''
'ОБЩЕСТВО С ОГРАНИЧЕННОЙ ОТВЕТСТВЕННОСТЬЮ " АМЕТИСТ"'|'ООО "АМЕТИСТ"'|'432073, ОБЛ УЛЬЯНОВСКАЯ, Г УЛЬЯНОВСК, УЛ ОТРАДНАЯ, д. ДОМ 8А'|'Ульяновская обл, г. Ульяновск, ул. Ефремова, д. 99'|'7327078103'|''
'ОБЩЕСТВО С ОГРАНИЧЕННОЙ ОТВЕТСТВЕННОСТЬЮ "ВОЛЖСКИЕ КВАРТАЛЫ"'|'ООО "ВОЛЖСКИЕ КВАРТАЛЫ"'|'432054, ОБЛ. УЛЬЯНОВСКАЯ, Г. Ульяновск, УЛ. ЕФРЕМОВА, д. Д. 99, кв. ПОМЕЩ. 33'|'Ульяновская обл, г. Ульяновск, ул. Ефремова, д. 99'|'7328095278'|''
'ОБЩЕСТВО С ОГРАНИЧЕННОЙ ОТВЕТСТВЕННОСТЬЮ "ГЕСТИЯ"'|'ООО "ГЕСТИЯ"'|'432012, ОБЛ. УЛЬЯНОВСКАЯ, Г. Ульяновск, УЛ. ШКОЛЬНАЯ, д. Д. 3, кв. ПОМЕЩ. 2'|'Ульяновская обл, г. Ульяновск, ул. Школьная, д. 3'|'7300002298'|''
'ОБЩЕСТВО С ОГРАНИЧЕННОЙ ОТВЕТСТВЕННОСТЬЮ "ГК "РЭС"'|'ООО  "ГК "РЭС"'|'432072, ОБЛАСТЬ УЛЬЯНОВСКАЯ, ГОРОД УЛЬЯНОВСК, БУЛЬВАР ФЕСТИВАЛЬНЫЙ, д. ДОМ 5, кв. ОФИС 41'|'Ульяновская обл, г. Ульяновск, б-р. Фестивальный, д. 5'|'7328095550'|''
'ОБЩЕСТВО С ОГРАНИЧЕННОЙ ОТВЕТСТВЕННОСТЬЮ "ГУК ЗАВОЛЖСКОГО РАЙОНА"'|'ООО "ГУК ЗАВОЛЖСКОГО РАЙОНА"'|'432046, Ульяновская область, Г УЛЬЯНОВСК, УЛ САДОВАЯ, д. Д. 2, кв. ОФИС 18'|'Ульяновская обл, г. Ульяновск, ул. 40-летия Октября, д. 25'|'7328093665'|''
'ОБЩЕСТВО С ОГРАНИЧЕННОЙ ОТВЕТСТВЕННОСТЬЮ "ДЕЛФИ"'|'ООО "ДЕЛФИ"'|'432030, УЛЬЯНОВСКАЯ ОБЛАСТЬ, Г УЛЬЯНОВСК, УЛ ИППОДРОМНАЯ, д. Д. 4Б, кв. ПОМЕЩ. 14'|'Ульяновская обл, г. Ульяновск, ул. Ипподромная, д. 4Б'|'7306041470'|''
'ОБЩЕСТВО С ОГРАНИЧЕННОЙ ОТВЕТСТВЕННОСТЬЮ "ДОБРОСТИЛЬ"'|'ООО "ДОБРОСТИЛЬ"'|'432057, УЛЬЯНОВСКАЯ ОБЛАСТЬ, Г УЛЬЯНОВСК, УЛ ОРЕНБУРГСКАЯ, д. Д. 1В, кв. ОФИС 216'|'Ульяновская обл, г. Ульяновск, ул. Оренбургская, д. 1В'|'7328104885'|''
'ОБЩЕСТВО С ОГРАНИЧЕННОЙ ОТВЕТСТВЕННОСТЬЮ "ДОМАШНИЙ МАСТЕР"'|'ООО "ДОМАШНИЙ МАСТЕР"'|'432006, УЛЬЯНОВСКАЯ ОБЛАСТЬ, Г. УЛЬЯНОВСК, УЛ. НАГОРНАЯ, д. Д. 1, кв. ОФИС 5'|'Ульяновская обл, г. Ульяновск, ул. Нагорная, д. 1'|'7321009368'|''
'ОБЩЕСТВО С ОГРАНИЧЕННОЙ ОТВЕТСТВЕННОСТЬЮ "ДОМ-СТРОЙ"'|'ООО "ДОМ-СТРОЙ"'|'432072, Ульяновская область, Г УЛЬЯНОВСК, ПР-КТ УЛЬЯНОВСКИЙ, д. Д. 4, кв. КВ. 32'|'Ульяновская обл, г. Ульяновск, ул. Пушкинская, д. 15А'|'7300016540'|''
'ОБЩЕСТВО С ОГРАНИЧЕННОЙ ОТВЕТСТВЕННОСТЬЮ"КВАДРАТОВ"'|'ООО "КВАДРАТОВ"'|'432001, Ульяновская область, Г УЛЬЯНОВСК, УЛ ВОРОБЬЕВА, д. Д. 77, кв. ОФИС 6'|'Ульяновская обл, г. Ульяновск, ул. Воробьева, д. 77'|'7325165689'|''
'ОБЩЕСТВО С ОГРАНИЧЕННОЙ ОТВЕТСТВЕННОСТЬЮ "СЕРВИСНАЯ КОМПАНИЯ ПО ОБСЛУЖИВАНИЮ МНОГОКВАРТИРНЫХ ЖИЛЫХ ДОМОВ КПД-2"'|'ООО "КПД-2 ЖИЛСЕРВИС"'|'432000, УЛЬЯНОВСКАЯ ОБЛАСТЬ, Г УЛЬЯНОВСК, УЛ МИНАЕВА, д. Д. 48А, кв. ПОМЕЩ. 6-9'|'Ульяновская обл, г. Ульяновск, ул. Минаева, д. 48А'|'7325090747'|''
'ОБЩЕСТВО С ОГРАНИЧЕННОЙ ОТВЕТСТВЕННОСТЬЮ "МЕТРОПОЛИС"'|'ООО "МЕТРОПОЛИС"'|'432048, УЛЬЯНОВСКАЯ ОБЛАСТЬ, Г УЛЬЯНОВСК, УЛ ЖЕЛЕЗНОДОРОЖНАЯ, д. ДВЛД. 34А, кв. ЭТАЖ 2, ОФИС 4'|'Ульяновская обл, г. Ульяновск, ул. Железнодорожная, д. 34А'|'7300020924'|''
'ОБЩЕСТВО С ОГРАНИЧЕННОЙ ОТВЕТСТВЕННОСТЬЮ "МН СЕРВИС"'|'ООО "МН СЕРВИС"'|'432001, Ульяновская область, Г УЛЬЯНОВСК, УЛ ВОРОБЬЕВА, д. Д. 77, кв. ОФИС 6'|'Ульяновская обл, г. Ульяновск, ул. Воробьева, д. 77'|'7325153034'|''
'ОБЩЕСТВО С ОГРАНИЧЕННОЙ ОТВЕТСТВЕННОСТЬЮ "НАРОДНАЯ КОМПАНИЯ КОМПЛЕКС СЕРВИС"'|'ООО "НАРОДНАЯ КОМПАНИЯ КОМПЛЕКС СЕРВИС"'|'432072, ОБЛАСТЬ УЛЬЯНОВСКАЯ, Г. УЛЬЯНОВСК, ПР-Д ИНЖЕНЕРНЫЙ 28-Й, д. Д. 3'|'Ульяновская обл, г. Ульяновск, б-р. Фестивальный, д. 12'|'7328090424'|''
'ОБЩЕСТВО С ОГРАНИЧЕННОЙ ОТВЕТСТВЕННОСТЬЮ "НС-ТЕК"'|'ООО "НС-ТЕК"'|'433324, УЛЬЯНОВСКАЯ ОБЛАСТЬ, С ЛУГОВОЕ, УЛ 1-Я ПРОСЕЛОЧНАЯ, д. Д. 20'|'Ульяновская обл, г. Ульяновск, с. Луговое, ул. 1-я Проселочная, д. 20'|'7321009262'|''
'ОБЩЕСТВО С ОГРАНИЧЕННОЙ ОТВЕТСТВЕННОСТЬЮ "ПЛАНЕТА ЖИЗНИ"'|'ООО "ПЛАНЕТА ЖИЗНИ"'|'432012, Ульяновская область, Г УЛЬЯНОВСК, УЛ ШКОЛЬНАЯ, д. Д. 3, кв. 1 ЭТАЖ ПОМЕЩ. 3,4'|'Ульяновская обл, г. Ульяновск, ул. Луначарского, д. 23В'|'7321013981'|''
'ОБЩЕСТВО С ОГРАНИЧЕННОЙ ОТВЕТСТВЕННОСТЬЮ "РЕМОНТНО-ЭКСПЛУАТАЦИОННАЯ СЛУЖБА"'|'ООО "Ремонтно-эксплуатационная служба"'|'432072, УЛЬЯНОВСКАЯ ОБЛАСТЬ, Г УЛЬЯНОВСК, Б-Р ФЕСТИВАЛЬНЫЙ, д. Д. 5, кв. ОФИС 93'|'Ульяновская обл, г. Ульяновск, б-р. Фестивальный, д. 5'|'7328093552'|''
'ОБЩЕСТВО С ОГРАНИЧЕННОЙ ОТВЕТСТВЕННОСТЬЮ "РЕНЕССАНС СИТИ"'|'ООО "РЕНЕССАНС СИТИ"'|'432013, УЛЬЯНОВСКАЯ ОБЛАСТЬ, Г УЛЬЯНОВСК, УЛ ПРОМЫШЛЕННАЯ, д. Д. 59А, кв. ОФИС 502'|'Ульяновская обл, г. Ульяновск, ул. Промышленная, д. 59А'|'7300045245'|''
'ОБЩЕСТВО С ОГРАНИЧЕННОЙ ОТВЕТСТВЕННОСТЬЮ "РЖК"'|'ООО "РЖК"'|'432012, УЛЬЯНОВСКАЯ ОБЛАСТЬ, Г УЛЬЯНОВСК, УЛ ШКОЛЬНАЯ, д. Д. 3, кв. ПОМЕЩ. 1'|'Ульяновская обл, г. Ульяновск, ул. Школьная, д. 3'|'7300022311'|''
'ОБЩЕСТВО С ОГРАНИЧЕННОЙ ОТВЕТСТВЕННОСТЬЮ "СИМБИРСКАЯ УПРАВЛЯЮЩАЯ КОМПАНИЯ"'|'ООО "СИМБИРСКАЯ УПРАВЛЯЮЩАЯ КОМПАНИЯ"'|'432072, Ульяновская область, Г УЛЬЯНОВСК, ПР-КТ ЛЕНИНСКОГО КОМСОМОЛА, д. Д. 41, кв. ОФИС 510'|'Ульяновская обл, г. Ульяновск, пр-кт. Ленинского Комсомола, д. 41'|'7328052901'|''
'ОБЩЕСТВО С ОГРАНИЧЕННОЙ ОТВЕТСТВЕННОСТЬЮ "СИМСТРОЙ"'|'ООО "СИМСТРОЙ"'|'432028, УЛЬЯНОВСКАЯ ОБЛАСТЬ, Г УЛЬЯНОВСК, УЛ ОКТЯБРЬСКАЯ, д. Д. 22, к. СТР. 1, кв. ЭТАЖ 2, ПОМЕЩ. 201'|'Ульяновская обл, г. Ульяновск, ул. Октябрьская, д. 22, строение 1'|'7327046302'|''
'ОБЩЕСТВО С ОГРАНИЧЕННОЙ ОТВЕТСТВЕННОСТЬЮ СЕРВИСНАЯ КОМПАНИЯ "АЗБУКА УЛЬЯНОВСК"'|'ООО СК "АЗБУКА УЛЬЯНОВСК"'|'432000, УЛЬЯНОВСКАЯ ОБЛАСТЬ, Г УЛЬЯНОВСК, УЛ ДМИТРИЯ УЛЬЯНОВА, д. ЗД. 6, кв. ПОМЕЩ. 2'|'Ульяновская обл, г. Ульяновск, ул. Дмитрия Ульянова, д. 6'|'7325171837'|''
'ОБЩЕСТВО С ОГРАНИЧЕННОЙ ОТВЕТСТВЕННОСТЬЮ "СТРОИТЕЛЬНАЯ КОМПАНИЯ ВЕКТОР"'|'ООО "СК ВЕКТОР"'|'432042, УЛЬЯНОВСКАЯ ОБЛАСТЬ, Г УЛЬЯНОВСК, УЛ ДОВАТОРА, д. Д. 3Б, кв. ОФИС 217'|'Ульяновская обл, г. Ульяновск, ул. Доватора, д. 3Б'|'7327098318'|''
'ОБЩЕСТВО С ОГРАНИЧЕННОЙ ОТВЕТСТВЕННОСТЬЮ "СЛУЖБА ЭКСПЛУАТАЦИИ ВАШЕГО ДОМА"'|'ООО "СЛУЖБА ЭКСПЛУАТАЦИИ"'|'432000, УЛЬЯНОВСКАЯ ОБЛАСТЬ, Г УЛЬЯНОВСК, УЛ МИНАЕВА, д. Д. 48А, кв. ПОМЕЩ. 6-9'|'Ульяновская обл, г. Ульяновск, ул. Минаева, д. 48А'|'7325157511'|''
'ОБЩЕСТВО С ОГРАНИЧЕННОЙ ОТВЕТСТВЕННОСТЬЮ "СОБСТВЕННИКИ ЖИЛЬЯ"'|'ООО "Собственники жилья"'|'432012, УЛЬЯНОВСКАЯ ОБЛАСТЬ, Г. УЛЬЯНОВСК, УЛ. ЛУНАЧАРСКОГО, д. Д. 23В, кв. ОФИС 403'|'Ульяновская обл, г. Ульяновск, ул. Луначарского, д. 23В'|'7328089725'|''
'ОБЩЕСТВО С ОГРАНИЧЕННОЙ ОТВЕТСТВЕННОСТЬЮ "ТЕХНОСТАРТ"'|'ООО "ТЕХНОСТАРТ"'|'432001, ОБЛАСТЬ УЛЬЯНОВСКАЯ, ГОРОД УЛЬЯНОВСК, ПЕРЕУЛОК РОБЕСПЬЕРА, д. ДОМ 2/79, кв. ОФИС 8'|'Ульяновская обл, г. Ульяновск, ул. Карла Либкнехта, д. 20'|'7325164276'|''
'ОБЩЕСТВО С ОГРАНИЧЕННОЙ ОТВЕТСТВЕННОСТЬЮ "УПРАВЛЯЮЩАЯ КОМПАНИЯ "АБСОЛЮТ"'|'ООО "УК "АБСОЛЮТ"'|'432046, УЛЬЯНОВСКАЯ ОБЛАСТЬ, Г УЛЬЯНОВСК, УЛ 8 МАРТА, д. Д. 8'|'Ульяновская обл, г. Ульяновск, ул. 8 Марта, д. 8'|'7328098991'|''
'ОБЩЕСТВО С ОГРАНИЧЕННОЙ ОТВЕТСТВЕННОСТЬЮ УПРАВЛЯЮЩАЯ КОМПАНИЯ "АЗБУКА СЕРВИС"'|'ООО УК "АЗБУКА СЕРВИС"'|'432011, Ульяновская область, Г УЛЬЯНОВСК, ПЕР МИРА 2-Й, д. Д. 26, кв. ЭТАЖ ЦОКОЛЬНЫЙ ОФ./КАБ. 1/1'|'Ульяновская обл, г. Ульяновск, пер. Мира 2-й, д. 26'|'7300009173'|''
'ОБЩЕСТВО С ОГРАНИЧЕННОЙ ОТВЕТСТВЕННОСТЬЮ "УПРАВЛЯЮЩАЯ КОМПАНИЯ  АУРА"'|'ООО "УК АУРА"'|'432017, УЛЬЯНОВСКАЯ ОБЛАСТЬ, Г УЛЬЯНОВСК, УЛ ЛЕНИНА, д. Д. 50/115, кв. ОФИС 4'|'Ульяновская обл, г. Ульяновск, ул. Ленина, д. 50/115'|'7300027535'|''
'ОБЩЕСТВО С ОГРАНИЧЕННОЙ ОТВЕТСТВЕННОСТЬЮ УПРАВЛЯЮЩАЯ КОМПАНИЯ "БЛАГОСТРОЙ"'|'ООО УК "БЛАГОСТРОЙ"'|'432045, ОБЛАСТЬ УЛЬЯНОВСКАЯ, ГОРОД УЛЬЯНОВСК, ШОССЕ МОСКОВСКОЕ, д. ДОМ 24, к. ЛИТЕР Д, кв. ОФИС 3'|'Ульяновская обл, г. Ульяновск, ш. Московское, д. 24Д'|'7327091425'|''
'ОБЩЕСТВО С ОГРАНИЧЕННОЙ ОТВЕТСТВЕННОСТЬЮ "УПРАВЛЯЮЩАЯ КОМПАНИЯ ГАЛАКТИКА"'|'ООО "УК ГАЛАКТИКА"'|'432034, УЛЬЯНОВСКАЯ ОБЛАСТЬ, Г УЛЬЯНОВСК, УЛ ТЕРЕШКОВОЙ, д. Д. 6Б, кв. ОФИС 19'|'Ульяновская обл, г. Ульяновск, ул. Терешковой, д. 6Б'|'7327080737'|''
'ОБЩЕСТВО С ОГРАНИЧЕННОЙ ОТВЕТСТВЕННОСТЬЮ "УПРАВЛЯЮЩАЯ КОМПАНИЯ ГАРАНТ"'|'ООО "УК ГАРАНТ"'|'432005, ОБЛАСТЬ УЛЬЯНОВСКАЯ, ГОРОД УЛЬЯНОВСК, УЛИЦА ПУШКАРЕВА, д. ДОМ 26, кв. ОФИС 1-10'|'Ульяновская обл, г. Ульяновск, ул. Пушкарева, д. 26'|'7327080688'|''
'ОБЩЕСТВО С ОГРАНИЧЕННОЙ ОТВЕТСТВЕННОСТЬЮ УК "ГЕРМЕС"'|'ООО УК "ГЕРМЕС"'|'432017, ОБЛАСТЬ УЛЬЯНОВСКАЯ, ГОРОД УЛЬЯНОВСК, УЛИЦА ЖЕЛЕЗНОДОРОЖНАЯ, д. ДОМ 12, кв. ОФИС 7'|'Ульяновская обл, г. Ульяновск, ул. Железнодорожная, д. 12'|'7321007258'|''
'ОБЩЕСТВО С ОГРАНИЧЕННОЙ ОТВЕТСТВЕННОСТЬЮ "УПРАВЛЯЮЩАЯ КОМПАНИЯ "ЖИЛИЩНО - ЭКСПЛУАТАЦИОННАЯ КОМПАНИЯ"'|'ООО "УК "ЖЭК"'|'432049, Ульяновская обл, г Ульяновск, ул Артема, д. 7/59'|'Ульяновская обл, г. Ульяновск, ул. Артема, д. 7/59'|'7326047776'|''
'ОБЩЕСТВО С ОГРАНИЧЕННОЙ ОТВЕТСТВЕННОСТЬЮ "УПРАВЛЯЮЩАЯ КОМПАНИЯ ЗВЕЗДА"'|'ООО "УК ЗВЕЗДА"'|'432011, Ульяновская область, Г. УЛЬЯНОВСК, ПЕР. МИРА 2-Й, д. Д. 24, кв. ОФИС 77-79'|'Ульяновская обл, г. Ульяновск, пер. Мира 2-й, д. 24'|'7325163071'|''
'ОБЩЕСТВО С ОГРАНИЧЕННОЙ ОТВЕТСТВЕННОСТЬЮ "УК КОНСИЛИУМ"'|'ООО "УК КОНСИЛИУМ"'|'432000, УЛЬЯНОВСКАЯ ОБЛАСТЬ, Г УЛЬЯНОВСК, ПЕР КОМСОМОЛЬСКИЙ, д. Д. 3, кв. ОФИС 110'|'Ульяновская обл, г. Ульяновск, ул. Радищева, д. 171/48, строение 1'|'7321011039'|''
'ОБЩЕСТВО С ОГРАНИЧЕННОЙ ОТВЕТСТВЕННОСТЬЮ "УПРАВЛЯЮЩАЯ КОМПАНИЯ "КРЕМЕНЬ"'|'ООО УК "КРЕМЕНЬ"'|'432044, УЛЬЯНОВСКАЯ ОБЛАСТЬ, Г УЛЬЯНОВСК, УЛ ВАРЕЙКИСА, д. Д. 41, кв. КВ. 29'|'Ульяновская обл, г. Ульяновск, ул. Варейкиса, д. 41'|'7300030344'|''
'ОБЩЕСТВО С ОГРАНИЧЕННОЙ ОТВЕТСТВЕННОСТЬЮ "УПРАВЛЯЮЩАЯ КОМПАНИЯ "КОММУНАЛЬНЫЙ  СТАНДАРТ"'|'ООО "УК "КС"'|'432071, ОБЛАСТЬ УЛЬЯНОВСКАЯ, ГОРОД УЛЬЯНОВСК, УЛИЦА ДВОРЦОВАЯ, д. ДОМ 7А, кв. ОФИС 404'|'Ульяновская обл, г. Ульяновск, пл. Горького, д. 4'|'7325170343'|''
'ОБЩЕСТВО С ОГРАНИЧЕННОЙ ОТВЕТСТВЕННОСТЬЮ "УПРАВЛЯЮЩАЯ КОМПАНИЯ "ЛИГА-СЕРВИС"'|'ООО "УК"ЛИГА-СЕРВИС"'|'432008, ОБЛ. УЛЬЯНОВСКАЯ, Г. Ульяновск, Ш. МОСКОВСКОЕ, д. Д. 80, кв. ОФИС 308'|'Ульяновская обл, г. Ульяновск, ш. Московское, д. 80'|'7327097346'|''
'ОБЩЕСТВО С ОГРАНИЧЕННОЙ ОТВЕТСТВЕННОСТЬЮ "УК МАРАФЕТ"'|'ООО "УК МАРАФЕТ"'|'432011, Ульяновская область, Г УЛЬЯНОВСК, УЛ МИРА, д. Д. 18, кв. КВ. 1'|'Ульяновская обл, г. Ульяновск, ул. Мира, д. 18'|'7300005041'|''
'ОБЩЕСТВО С ОГРАНИЧЕННОЙ ОТВЕТСТВЕННОСТЬЮ "УПРАВЛЯЮЩАЯ КОМПАНИЯ "МЕГАЛИНК"'|'ООО "УК МЕГАЛИНК"'|'432072, Ульяновская область, Г. УЛЬЯНОВСК, ПР-КТ ЛЕНИНСКОГО КОМСОМОЛА, д. Д. 30'|'Ульяновская обл, г. Ульяновск, пр-кт. Ленинского Комсомола, д. 30'|'7328069662'|''
'ОБЩЕСТВО С ОГРАНИЧЕННОЙ ОТВЕТСТВЕННОСТЬЮ "УПРАВЛЯЮЩАЯ КОМПАНИЯ МЕГАЛИТ"'|'ООО "УК МЕГАЛИТ"'|'432045, Ульяновская область, Г УЛЬЯНОВСК, Ш МОСКОВСКОЕ, д. Д. 68А, кв. ОФИС 27А'|'Ульяновская обл, г. Ульяновск, ш. Московское, д. 68А'|'7300019340'|''
'ОБЩЕСТВО С ОГРАНИЧЕННОЙ ОТВЕТСТВЕННОСТЬЮ "УПРАВЛЯЮЩАЯ КОМПАНИЯ МЕЧТА"'|'ООО "УК МЕЧТА"'|'432072, ОБЛАСТЬ УЛЬЯНОВСКАЯ, ГОРОД УЛЬЯНОВСК, БУЛЬВАР ФЕСТИВАЛЬНЫЙ, д. ДОМ 5'|'Ульяновская обл, г. Ульяновск, б-р. Фестивальный, д. 5'|'7328082705'|''
'ОБЩЕСТВО С ОГРАНИЧЕННОЙ ОТВЕТСТВЕННОСТЬЮ "УПРАВЛЯЮЩАЯ КОМПАНИЯ "МИДЕ"'|'ООО "УК МИДЕ"'|'432071, УЛЬЯНОВСКАЯ ОБЛАСТЬ, Г УЛЬЯНОВСК, УЛ ФЕДЕРАЦИИ, д. Д. 25, кв. ПОМЕЩ. 11'|'Ульяновская обл, г. Ульяновск, ул. Гончарова, д. 28/13'|'7300034162'|''
'ОБЩЕСТВО С ОГРАНИЧЕННОЙ ОТВЕТСТВЕННОСТЬЮ УПРАВЛЯЮЩАЯ КОМПАНИЯ "НА МИНАЕВА"'|'ООО УК "НА МИНАЕВА"'|'432000, УЛЬЯНОВСКАЯ ОБЛАСТЬ, Г УЛЬЯНОВСК, УЛ МИНАЕВА, д. Д. 48А, кв. ПОМЕЩ. 6-9'|'Ульяновская обл, г. Ульяновск, ул. Минаева, д. 48А'|'7325165199'|''
'ОБЩЕСТВО С ОГРАНИЧЕННОЙ ОТВЕТСТВЕННОСТЬЮ "УК "ОЛИМП"'|'ООО "УК "ОЛИМП"'|'432044, ОБЛАСТЬ УЛЬЯНОВСКАЯ, ГОРОД УЛЬЯНОВСК, УЛИЦА ХРУСТАЛЬНАЯ, д. ДОМ 55'|'Ульяновская обл, г. Ульяновск, ул. Хрустальная, д. 55'|'7326056940'|''
'ОБЩЕСТВО С ОГРАНИЧЕННОЙ ОТВЕТСТВЕННОСТЬЮ "УПРАВЛЯЮЩАЯ КОМПАНИЯ "ПЕРСЕЙ"'|'ООО "УК "ПЕРСЕЙ"'|'432017, Ульяновская область, Г УЛЬЯНОВСК, УЛ ЖЕЛЕЗНОДОРОЖНАЯ, д. Д. 14, к. К. А, кв. ПОМЕЩ. 101'|'Ульяновская обл, г. Ульяновск, пер. Комсомольский, д. 3'|'7300018523'|''
'ОБЩЕСТВО С ОГРАНИЧЕННОЙ ОТВЕТСТВЕННОСТЬЮ УК "РУБИН"'|'ООО УК "РУБИН"'|'432051, ОБЛАСТЬ УЛЬЯНОВСКАЯ, ГОРОД УЛЬЯНОВСК, ПРОСПЕКТ ЛИВАНОВА, д. ДОМ 13, кв. ОФИС 6'|'Ульяновская обл, г. Ульяновск, пр-кт. Ливанова, д. 13'|'7328100464'|''
'ОБЩЕСТВО С ОГРАНИЧЕННОЙ ОТВЕТСТВЕННОСТЬЮ "УПРАВЛЯЮЩАЯ КОМПАНИЯ СВОБОДНЫЙ ВЫБОР"'|'ООО "УК СВ"'|'432071, УЛЬЯНОВСКАЯ ОБЛАСТЬ, Г УЛЬЯНОВСК, УЛ КРАСНОАРМЕЙСКАЯ, д. ЗД. 76, кв. ОФИС 45'|'Ульяновская обл, г. Ульяновск, ул. Красноармейская, д. 76'|'7325163353'|''
'ОБЩЕСТВО С ОГРАНИЧЕННОЙ ОТВЕТСТВЕННОСТЬЮ УК "СВОБОДА"'|'ООО УК "СВОБОДА"'|'432017, ОБЛ. УЛЬЯНОВСКАЯ, Г. Ульяновск, УЛ. ЖЕЛЕЗНОДОРОЖНАЯ, д. Д. 12, кв. ПОМЕЩ. 10'|'Ульяновская обл, г. Ульяновск, ул. Железнодорожная, д. 12'|'7327094881'|''
'ОБЩЕСТВО С ОГРАНИЧЕННОЙ ОТВЕТСТВЕННОСТЬЮ "УПРАВЛЯЮЩАЯ КОМПАНИЯ СИМБИРЦИТ"'|'ООО "УК СИМБИРЦИТ"'|'432028, УЛЬЯНОВСКАЯ ОБЛАСТЬ, Г. УЛЬЯНОВСК, УЛ. ОКТЯБРЬСКАЯ, д. Д. 22, к. СТР. 26, кв. ОФИС 4А'|'Ульяновская обл, г. Ульяновск, ул. Октябрьская, д. 22'|'7327090870'|''
'ОБЩЕСТВО С ОГРАНИЧЕННОЙ ОТВЕТСТВЕННОСТЬЮ "УПРАВЛЯЮЩАЯ КОМПАНИЯ СИМБИРСК-КОМПЛЕКС"'|'ООО"УК СК"'|'432064, УЛЬЯНОВСКАЯ ОБЛАСТЬ, Г. УЛЬЯНОВСК, УЛ. КАРБЫШЕВА, д. Д. 47, кв. ОФИС 1'|'Ульяновская обл, г. Ульяновск, ул. Карбышева, д. 47'|'7328103063'|''
'ОБЩЕСТВО С ОГРАНИЧЕННОЙ ОТВЕТСТВЕННОСТЬЮ УПРАВЛЯЮЩАЯ КОМПАНИЯ "СКМ"'|'ООО УК "СКМ"'|'432027, Ульяновская область, Г УЛЬЯНОВСК, УЛ БАКИНСКАЯ, д. Д. 136/41, кв. ОФИС 1'|'Ульяновская обл, г. Ульяновск, ул. Бакинская, д. 136/41'|'7325174154'|''
'ОБЩЕСТВО С ОГРАНИЧЕННОЙ ОТВЕТСТВЕННОСТЬЮ "УК СОГЛАСИЕ"'|'ООО "УК СОГЛАСИЕ"'|'432032, ОБЛАСТЬ УЛЬЯНОВСКАЯ, Г. УЛЬЯНОВСК, УЛ. ОКТЯБРЬСКАЯ, д. Д. 36, кв. ОФИС 26'|'Ульяновская обл, г. Ульяновск, ул. Октябрьская, д. 36'|'7327083840'|''
'ОБЩЕСТВО С ОГРАНИЧЕННОЙ ОТВЕТСТВЕННОСТЬЮ "УПРАВЛЯЮЩАЯ КОМПАНИЯ "СОЛИДАРНОСТЬ"'|'ООО "УК "Солидарность"'|'432066, УЛЬЯНОВСКАЯ ОБЛАСТЬ, Г УЛЬЯНОВСК, УЛ ШИГАЕВА, д. Д. 19, кв. 84'|'Ульяновская обл, г. Ульяновск, ул. Шигаева, д. 19'|'7327050468'|''
'ОБЩЕСТВО С ОГРАНИЧЕННОЙ ОТВЕТСТВЕННОСТЬЮ "УПРАВЛЯЮЩАЯ КОМПАНИЯ ТАНДЕМ"'|'ООО "УК ТАНДЕМ"'|'432071, УЛЬЯНОВСКАЯ ОБЛАСТЬ, Г УЛЬЯНОВСК, УЛ КРАСНОАРМЕЙСКАЯ, д. ЗД. 76, кв. ОФИС 32'|'Ульяновская обл, г. Ульяновск, ул. Красноармейская, д. 76'|'7300015850'|''
'ОБЩЕСТВО С ОГРАНИЧЕННОЙ ОТВЕТСТВЕННОСТЬЮ УПРАВЛЯЮЩАЯ КОМПАНИЯ "ТЕПЛОСВЕТ"'|'ООО УК "ТЕПЛОСВЕТ"'|'432071, ОБЛАСТЬ УЛЬЯНОВСКАЯ, Г. УЛЬЯНОВСК, УЛ. МАРАТА, д. Д. 1/3, кв. ОФИС 12'|'Ульяновская обл, г. Ульяновск, ул. Марата, д. 1/3'|'7325171393'|''
'ОБЩЕСТВО С ОГРАНИЧЕННОЙ ОТВЕТСТВЕННОСТЬЮ УК "ТИТАН"'|'ООО УК "ТИТАН"'|'432034, ОБЛ. УЛЬЯНОВСКАЯ, Г. Ульяновск, Ш. МОСКОВСКОЕ, д. ЗД. 35, кв. ОФИС 1'|'Ульяновская обл, г. Ульяновск, ш. Московское, д. 55Б'|'7327100260'|''
'ОБЩЕСТВО С ОГРАНИЧЕННОЙ ОТВЕТСТВЕННОСТЬЮ "УПРАВЛЯЮЩАЯ КОМПАНИЯ" ЭКОДОМ"'|'ООО "УК" ЭКОДОМ"'|'432001, ОБЛАСТЬ УЛЬЯНОВСКАЯ, Г. УЛЬЯНОВСК, УЛ. КРЫМОВА, д. Д. 65, кв. ЭТАЖ ЦОКОЛЬ, ОФИС 1'|'Ульяновская обл, г. Ульяновск, ул. Крымова, д. 65'|'7327089384'|''
'ОБЩЕСТВО С ОГРАНИЧЕННОЙ ОТВЕТСТВЕННОСТЬЮ УК "ЯСНОВО"'|'ООО УК "ЯСНОВО"'|'432054, Ульяновская область, Г УЛЬЯНОВСК, УЛ ЕФРЕМОВА, д. Д. 99, кв. ПОМЕЩ. 13'|'Ульяновская обл, г. Ульяновск, ул. Ефремова, д. 99'|'7300020970'|''
'ОБЩЕСТВО С ОГРАНИЧЕННОЙ ОТВЕТСТВЕННОСТЬЮ "УЛЛЭНД"'|'ООО "УЛЛЭНД"'|'432008, ОБЛАСТЬ УЛЬЯНОВСКАЯ, ГОРОД УЛЬЯНОВСК, ШОССЕ МОСКОВСКОЕ, д. ДОМ 80, кв. ОФИС 211'|'Ульяновская обл, г. Ульяновск, ш. Московское, д. 80'|'7326056844'|''
'ОБЩЕСТВО С ОГРАНИЧЕННОЙ ОТВЕТСТВЕННОСТЬЮ "УПРАВЛЯЮЩАЯ ОРГАНИЗАЦИЯ ЖИЛСТРОЙСЕРВИС"'|'ООО "УО ЖИЛСТРОЙСЕРВИС"'|'432059, Ульяновская обл, г Ульяновск, пр-кт Ульяновский, д. 2'|'Ульяновская обл, г. Ульяновск, пр-кт. Ульяновский, д. 2'|'7328079526'|''
'ОБЩЕСТВО С ОГРАНИЧЕННОЙ ОТВЕТСТВЕННОСТЬЮ УПРАВЛЯЮЩАЯ КОМПАНИЯ "АВИОН"'|'ООО УПРАВЛЯЮЩАЯ КОМПАНИЯ "АВИОН"'|'432035, УЛЬЯНОВСКАЯ ОБЛАСТЬ, Г. УЛЬЯНОВСК, ПР-КТ ГАЯ, д. Д. 90, кв. ОФИС 23'|'Ульяновская обл, г. Ульяновск, пр-кт. Гая, д. 90'|'7326036774'|''
'ОБЩЕСТВО С ОГРАНИЧЕННОЙ ОТВЕТСТВЕННОСТЬЮ "ФОРТКОМ"'|'ООО "ФОРТКОМ"'|'432071, Ульяновская область, Г. УЛЬЯНОВСК, УЛ. ВАТУТИНА, д. Д. 14, кв. ЭТАЖ 1, ПОМЕЩЕНИЕ 15'|'Ульяновская обл, г. Ульяновск, ул. Ватутина, д. 14'|'7325146608'|''
'ОБЩЕСТВО С ОГРАНИЧЕННОЙ ОТВЕТСТВЕННОСТЬЮ "ЮГО-ЗАПАД"'|'ООО "ЮГО-ЗАПАД"'|'432054, Ульяновская область, Г УЛЬЯНОВСК, УЛ ЕФРЕМОВА, д. Д. 99, кв. ПОМЕЩ. 40'|'Ульяновская обл, г. Ульяновск, ул. Ефремова, д. 99'|'7327084403'|''
'ОБЩЕСТВО С ОГРАНИЧЕННОЙ ОТВЕТСТВЕННОСТЬЮ "ЮНТ"'|'ООО "ЮНТ"'|'432071, УЛЬЯНОВСКАЯ ОБЛАСТЬ, Г УЛЬЯНОВСК, ПР-КТ НАРИМАНОВА, д. Д. 38, кв. ОФИС 309'|'Ульяновская обл, г. Ульяновск, пр-кт. Нариманова, д. 38'|'7300017262'|''
'ПОТРЕБИТЕЛЬСКИЙ КООПЕРАТИВ  ЖИЛИЩНО- СТРОИТЕЛЬНЫЙ КООПЕРАТИВ " РОМАНТИКА "'|'ПК ЖСК "РОМАНТИКА"'|'432045, ОБЛАСТЬ УЛЬЯНОВСКАЯ, Г. УЛЬЯНОВСК, УЛ. КУЗОВАТОВСКАЯ, д. Д.27, к. -----------------------, кв. ----------------------'|'Ульяновская обл, г. Ульяновск, ул. Кузоватовская, д. 27'|'7327014170'|''
'ТОВАРИЩЕСТВО СОБСТВЕННИКОВ ЖИЛЬЯ "РАССВЕТ"'|'РАССВЕТ (ТСЖ)'|'432007, ОБЛАСТЬ УЛЬЯНОВСКАЯ, ГОРОД УЛЬЯНОВСК, УЛИЦА ПОЧТОВАЯ, д. 29.1'|'Ульяновская обл, г. Ульяновск, ул. Почтовая, д. 29, корп. 1'|'7328041321'|''
'ТОВАРИЩЕСТВО СОБСТВЕННИКОВ ЖИЛЬЯ "СИМБИРСКИЙ ДОМ"'|'СИМБИРСКИЙ ДОМ  (ТСЖ)'|'432059, Ульяновская обл, г Ульяновск, б-р Киевский, д. 18'|'Ульяновская обл, г. Ульяновск, б-р. Киевский, д. 18'|'7328045527'|''
'ТОВАРИЩЕСТВО ИНДИВИДУАЛЬНЫХ ВЛАДЕЛЬЦЕВ КВАРТИР"ЛУЧ"'|'ТИВК "ЛУЧ"'|'432010, Ульяновская обл, г Ульяновск, ул Тельмана, д. 8'|'Ульяновская обл, г. Ульяновск, ул. Тельмана, д. 8'|'7328019260'|''
'ТОВАРИЩЕСТВО ИНДИВИДУАЛЬНЫХ ВЛАДЕЛЬЦЕВ КВАРТИР "РАДИЙ"'|'ТИВК "РАДИЙ"'|'432046, УЛЬЯНОВСКАЯ ОБЛАСТЬ, Г УЛЬЯНОВСК, УЛ ДИМИТРОВА, д. Д. 8, кв. 125'|'Ульяновская обл, г. Ульяновск, ул. Димитрова, д. 8'|'7328017569'|''
'ТОВАРИЩЕСТВО ИНДИВИДУАЛЬНЫХ ВЛАДЕЛЬЦЕВ КВАРТИР "РУСИЧ"'|'ТИВК "РУСИЧ"'|'432027, ОБЛ УЛЬЯНОВСКАЯ, Г УЛЬЯНОВСК, УЛ ЮНОСТИ, д. 51, кв. 29'|'Ульяновская обл, г. Ульяновск, ул. Юности, д. 51'|'7325901145'|''
'ТОВАРИЩЕСТВО ИНДИВИДУАЛЬНЫХ ВЛАДЕЛЬЦЕВ КВАРТИР "ТРУД"'|'ТИВК "ТРУД"'|'432010, УЛЬЯНОВСКАЯ ОБЛАСТЬ, Г. УЛЬЯНОВСК, УЛ. ТЕЛЬМАНА, д. Д.3'|'Ульяновская обл, г. Ульяновск, ул. Тельмана, д. 3'|'7328018562'|''
'ТОВАРИЩЕСТВО СОБСТВЕННИКОВ НЕДВИЖИМОСТИ "ТОВАРИЩЕСТВО СОБСТВЕННИКОВ ЖИЛЬЯ "ГОГОЛЕВСКОЕ"'|'ТОВАРИЩЕСТВО СОБСТВЕННИКОВ НЕДВИЖИМОСТИ "ТОВАРИЩЕСТВО СОБСТВЕННИКОВ ЖИЛЬЯ "ГОГОЛЕВСКОЕ"'|'432046, Ульяновская обл, г Ульяновск, ул Гоголя, д. 34, кв. 352'|'Ульяновская обл, г. Ульяновск, ул. Гоголя, д. 34'|'7328086629'|''
'ТОВАРИЩЕСТВО СОБСТВЕННИКОВ НЕДВИЖИМОСТИ КОНДОМИНИУМ "УТЕС-1"'|'ТОВАРИЩЕСТВО, ТСН, ТСН КОНДОМИНИУМ "УТЕС-1"'|'432071, ОБЛ УЛЬЯНОВСКАЯ, Г УЛЬЯНОВСК, УЛ КРЫМОВА, д. 61А'|'Ульяновская обл, г. Ульяновск, ул. Крымова'|'7325901138'|''
'ТОВАРИЩЕСТВО СОБСТВЕННИКОВ ЖИЛЬЯ "15 КВАРТАЛ"'|'ТСЖ "15 КВАРТАЛ"'|'432035, ОБЛАСТЬ УЛЬЯНОВСКАЯ, ГОРОД УЛЬЯНОВСК, ПРОСПЕКТ ГАЯ, д. 45А'|'Ульяновская обл, г. Ульяновск, ул. Варейкиса, д. 35А'|'7326017838'|''
'ТОВАРИЩЕСТВО СОБСТВЕННИКОВ ЖИЛЬЯ "АБЛУКОВА 63"'|'ТСЖ "АБЛУКОВА 63"'|'432049, ОБЛ. УЛЬЯНОВСКАЯ, Г. Ульяновск, УЛ. АБЛУКОВА, д. Д. 63, кв. КВ. 64'|'Ульяновская обл, г. Ульяновск, ул. Аблукова, д. 63'|'7327066570'|''
'ТОВАРИЩЕСТВО СОБСТВЕННИКОВ ЖИЛЬЯ "АБЛУКОВО"'|'ТСЖ "АБЛУКОВО"'|'432049, ОБЛАСТЬ УЛЬЯНОВСКАЯ, Г. УЛЬЯНОВСК, УЛ. АБЛУКОВА, д. Д. 41, к. К. 1, кв. КВ. 80'|'Ульяновская обл, г. Ульяновск, ул. Аблукова'|'7327054832'|''
'ТОВАРИЩЕСТВО СОБСТВЕННИКОВ ЖИЛЬЯ "АЛЛАР"'|'ТСЖ "АЛЛАР"'|'432057, ОБЛАСТЬ УЛЬЯНОВСКАЯ, ГОРОД УЛЬЯНОВСК, УЛИЦА ВРАЧА МИХАЙЛОВА, д. 34'|'Ульяновская обл, г. Ульяновск, ул. Врача Михайлова, д. 34, строение 1'|'7328502156'|''
'НЕКОММЕРЧЕСКОЕ ТОВАРИЩЕСТВО СОБСТВЕННИКОВ ЖИЛЬЯ "АЛЬТАИР"'|'ТСЖ "АЛЬТАИР"'|'432029, УЛЬЯНОВСКАЯ ОБЛАСТЬ, Г. УЛЬЯНОВСК, УЛ. ЖИГУЛЕВСКАЯ, д. Д.15'|'Ульяновская обл, г. Ульяновск, ул. Жигулевская, д. 15'|'7327024901'|''
'ТОВАРИЩЕСТВО СОБСТВЕННИКОВ ЖИЛЬЯ "БЕЖЕНЕЦ"'|'ТСЖ "БЕЖЕНЕЦ"'|'432044, Ульяновская область, Г УЛЬЯНОВСК, УЛ КИНДЯКОВЫХ, д. Д. 33, кв. КВ. 11'|'Ульяновская обл, г. Ульяновск, ул. Киндяковых, д. 33'|'7326018976'|''
'ТОВАРИЩЕСТВО СОБСТВЕННИКОВ ЖИЛЬЯ "ВЕТЕРОК"'|'ТСЖ "ВЕТЕРОК"'|'432044, Ульяновская обл, р-н Железнодорожный, г Ульяновск, ул Кольцевая, д. 16'|'Ульяновская обл, г. Ульяновск, ул. Кольцевая, д. 16'|'7326007460'|''
'ТОВАРИЩЕСТВО СОБСТВЕННИКОВ ЖИЛЬЯ "ВОЛОДАРЕЦ"'|'ТСЖ "ВОЛОДАРЕЦ"'|'432010, ОБЛАСТЬ УЛЬЯНОВСКАЯ, ГОРОД УЛЬЯНОВСК, УЛИЦА ТЕЛЬМАНА, д. 5'|'Ульяновская обл, г. Ульяновск, ул. Тельмана, д. 5'|'7328057018'|''
'ТОВАРИЩЕСТВО СОБСТВЕННИКОВ ЖИЛЬЯ "ВЫСОТНЫЙ"'|'ТСЖ "ВЫСОТНЫЙ"'|'432013, Ульяновская обл, г Ульяновск, ул Промышленная, д. 53'|'Ульяновская обл, г. Ульяновск, ул. Промышленная, д. 53'|'7327036921'|''
'ТОВАРИЩЕСТВО СОБСТВЕННИКОВ ЖИЛЬЯ "ДОМ НА МОЛОЧНОМ"'|'ТСЖ "ДОМ НА МОЛОЧНОМ"'|'432071, УЛЬЯНОВСКАЯ ОБЛАСТЬ, Г. УЛЬЯНОВСК, ПЕР. МОЛОЧНЫЙ, д. Д. 12А'|'Ульяновская обл, г. Ульяновск, пер. Молочный'|'7325105707'|''
'ТОВАРИЩЕСТВО СОБСТВЕННИКОВ ЖИЛЬЯ "ЗАВОЛЖСКИЙ"'|'ТСЖ "ЗАВОЛЖСКИЙ"'|'432010, Ульяновская область, Г УЛЬЯНОВСК, ПРОЕЗД СИРЕНЕВЫЙ, д. Д. 2, кв. КВ. 10'|'Ульяновская обл, г. Ульяновск, проезд. Сиреневый, д. 2'|'7328062931'|''
'ТОВАРИЩЕСТВО СОБСТВЕННИКОВ ЖИЛЬЯ "ЗАВОЛЖЬЕ"'|'ТСЖ "ЗАВОЛЖЬЕ"'|'432010, ОБЛАСТЬ УЛЬЯНОВСКАЯ, Г. УЛЬЯНОВСК, УЛ. ВРАЧА МИХАЙЛОВА, д. Д.60, к. К.60'|'Ульяновская обл, г. Ульяновск, ул. Врача Михайлова, д. 60'|'7328036949'|''
'ТОВАРИЩЕСТВО СОБСТВЕННИКОВ ЖИЛЬЯ "КИРОВА-22"'|'ТСЖ "КИРОВА-22"'|'432048, ОБЛ УЛЬЯНОВСКАЯ, Г УЛЬЯНОВСК, УЛ КИРОВА, д. ДОМ 22, кв. КВАРТИРА 45'|'Ульяновская обл, г. Ульяновск, ул. Кирова, д. 22'|'7326048177'|''
'ТОВАРИЩЕСТВО СОБСТВЕННИКОВ ЖИЛЬЯ "КИРОВА 25"'|'ТСЖ "КИРОВА 25"'|'432048, Ульяновская область, Г УЛЬЯНОВСК, УЛ КИРОВА, д. Д. 25, кв. КВ. 5'|'Ульяновская обл, г. Ульяновск, ул. Кирова, д. 25'|'7321014752'|''
'ТОВАРИЩЕСТВО СОБСТВЕННИКОВ ЖИЛЬЯ "МАЛАХИТ"'|'ТСЖ "Малахит"'|'432031, УЛЬЯНОВСКАЯ ОБЛАСТЬ, Г. УЛЬЯНОВСК, ПР-Д ЗАВОДСКОЙ, д. Д.25, кв. КВ.38'|'Ульяновская обл, г. Ульяновск, проезд. Заводской, д. 25'|'7328054497'|''
'ТОВАРИЩЕСТВО СОБСТВЕННИКОВ ЖИЛЬЯ "МАРИШКИН РОДНИК"'|'ТСЖ "МАРИШКИН РОДНИК"'|'432071, ОБЛАСТЬ УЛЬЯНОВСКАЯ, ГОРОД УЛЬЯНОВСК, УЛИЦА БУИНСКАЯ, д. 70 А'|'Ульяновская обл, г. Ульяновск, ул. Буинская, д. 70А'|'7325051297'|''
'ТОВАРИЩЕСТВО СОБСТВЕННИКОВ ЖИЛЬЯ "МИР! ДРУЖБА! ЖВАЧКА!"'|'ТСЖ "МДЖ"'|'432011, Ульяновская область, Г УЛЬЯНОВСК, УЛ РАДИЩЕВА, д. Д. 74, кв. КВ. 38'|'Ульяновская обл, г. Ульяновск, ул. Радищева, д. 74'|'7300023192'|''
'ТОВАРИЩЕСТВО СОБСТВЕННИКОВ ЖИЛЬЯ "МИНАЕВЕЦ"'|'ТСЖ "МИНАЕВЕЦ"'|'432005, Ульяновская обл, р-н Засвияжский, г Ульяновск, ул Пушкарева, д. 28'|'Ульяновская обл, г. Ульяновск, ул. Пушкарева, д. 28'|'7327035413'|''
'ТОВАРИЩЕСТВО СОБСТВЕННИКОВ ЖИЛЬЯ "МИНИНА И ПОЖАРСКОГО"'|'ТСЖ "МИНИНА И ПОЖАРСКОГО"'|'432008, ОБЛ УЛЬЯНОВСКАЯ, Г УЛЬЯНОВСК, УЛ МИНИНА, д. 15/33'|'Ульяновская обл, г. Ульяновск, ул. Минина, д. 15/33'|'7327028504'|''
'ТОВАРИЩЕСТВО СОБСТВЕННИКОВ ЖИЛЬЯ "НА ВОДОПРОВОДНОЙ,7"'|'ТСЖ "НА ВОДОПРОВОДНОЙ,7"'|'432048, Ульяновская обл, р-н Железнодорожный, г Ульяновск, ул Водопроводная, д. 7'|'Ульяновская обл, г. Ульяновск, ул. Водопроводная, д. 7'|'7326031367'|''
'ТОВАРИЩЕСТВО СОБСТВЕННИКОВ ЖИЛЬЯ "НА ОРЛОВА"'|'ТСЖ "НА ОРЛОВА"'|'432071, УЛЬЯНОВСКАЯ ОБЛАСТЬ, Г. УЛЬЯНОВСК, УЛ. ОРЛОВА, д. Д.27 А'|'Ульяновская обл, г. Ульяновск, ул. Орлова, д. 27А'|'7325052607'|''
'ТОВАРИЩЕСТВО СОБСТВЕННИКОВ ЖИЛЬЯ "ОГОНЕК"'|'ТСЖ "ОГОНЕК"'|'432044, Ульяновская обл, р-н Железнодорожный, г Ульяновск, ул Кольцевая, д. 4'|'Ульяновская обл, г. Ульяновск, ул. Кольцевая, д. 4'|'7326007396'|''
'ТОВАРИЩЕСТВО СОБСТВЕННИКОВ ЖИЛЬЯ "ПРОСПЕКТ НАРИМАНОВА Д.128 А"'|'ТСЖ "ПРОСПЕКТ НАРИМАНОВА Д.128 А"'|'432030, УЛЬЯНОВСКАЯ ОБЛАСТЬ, Г УЛЬЯНОВСК, ПР-КТ НАРИМАНОВА, д. Д. 128А, кв. КВ. 18'|'Ульяновская обл, г. Ульяновск, пр-кт. Нариманова, д. 128А'|'7300026958'|''
'ТОВАРИЩЕСТВО СОБСТВЕННИКОВ ЖИЛЬЯ "ПУГАЧЕВСКОЕ"'|'ТСЖ "ПУГАЧЕВСКОЕ"'|'432008, ОБЛАСТЬ УЛЬЯНОВСКАЯ, ГОРОД УЛЬЯНОВСК, УЛИЦА ПУГАЧЕВА, д. 1 А, к. ------------, кв. -------------'|'Ульяновская обл, г. Ульяновск, ул. Пугачева, д. 1-А'|'7327020216'|''
'ТОВАРИЩЕСТВО СОБСТВЕННИКОВ ЖИЛЬЯ "ПУЛЬСАР"'|'ТСЖ "ПУЛЬСАР"'|'432013, Ульяновская обл, г Ульяновск, ул Промышленная, д. 55'|'Ульяновская обл, г. Ульяновск, ул. Промышленная, д. 55'|'7327036978'|''
'ТОВАРИЩЕСТВО СОБСТВЕННИКОВ НЕДВИЖИМОСТИ "РАДИЩЕВА 26А"'|'ТСЖ "РАДИЩЕВА 26А"'|'432011, УЛЬЯНОВСКАЯ ОБЛАСТЬ, Г УЛЬЯНОВСК, УЛ РАДИЩЕВА, д. Д. 26А, кв. ПОМЕЩ. 5'|'Ульяновская обл, г. Ульяновск, ул. Радищева, д. 30'|'7325042486'|''
'ТОВАРИЩЕСТВО СОБСТВЕННИКОВ ЖИЛЬЯ "РОСА"'|'ТСЖ "РОСА"'|'432013, Ульяновская обл, г Ульяновск, ул Промышленная, д. 87'|'Ульяновская обл, г. Ульяновск, ул. Промышленная, д. 87'|'7327014685'|''
'ТОВАРИЩЕСТВО СОБСТВЕННИКОВ ЖИЛЬЯ "СЕРЕБРЯНЫЙ ИСТОЧНИК"'|'ТСЖ "СЕРЕБРЯНЫЙ ИСТОЧНИК"'|'432000, УЛЬЯНОВСКАЯ ОБЛАСТЬ, Г. УЛЬЯНОВСК, УЛ. КУЗНЕЦОВА, д. Д.4-А, кв. КВ.19'|'Ульяновская обл, г. Ульяновск, ул. Кузнецова, д. 4А'|'7325072032'|''
'ТОВАРИЩЕСТВО СОБСТВЕННИКОВ ЖИЛЬЯ "СИМБИРСК"'|'ТСЖ "СИМБИРСК"'|'432001, Ульяновская обл, р-н Ленинский, г Ульяновск, ул Робеспьера, д. 85'|'Ульяновская обл, г. Ульяновск, ул. Робеспьера, д. 85'|'7325082129'|''
'ТОВАРИЩЕСТВО СОБСТВЕННИКОВ ЖИЛЬЯ "СИМБИРСКИЙ НОВЫЙ ДОМ"'|'ТСЖ "Симбирский Новый Дом"'|'432000, УЛЬЯНОВСКАЯ ОБЛАСТЬ, Г. УЛЬЯНОВСК, УЛ. КАМЫШИНСКАЯ, д. Д.25, к. К.1'|'Ульяновская обл, г. Ульяновск, ул. Камышинская, д. 25, корп. 1'|'7325067258'|''
'Товарищество собственников жилья "СТРЕЛА"'|'ТСЖ  "СТРЕЛА"'|'432044, Ульяновская обл, р-н Железнодорожный, г Ульяновск, ул Героев Свири, д. 18'|'Ульяновская обл, г. Ульяновск, ул. Героев Свири, д. 18'|'7326007572'|''
'ТОВАРИЩЕСТВО СОБСТВЕННИКОВ ЖИЛЬЯ "ЭЛЕКТРОН"'|'ТСЖ "ЭЛЕКТРОН"'|'432042, Ульяновская обл, г Ульяновск, ул Рябикова, д. 19, кв. 47'|'Ульяновская обл, г. Ульяновск, ул. Рябикова, д. 19'|'7327049007'|''
'ТОВАРИЩЕСТВО СОБСТВЕННИКОВ ЖИЛЬЯ "ЮГ"'|'ТСЖ "ЮГ"'|'432044, Ульяновская обл, р-н Железнодорожный, г Ульяновск, ул Хрустальная, д. 43А'|'Ульяновская обл, г. Ульяновск, ул. Хрустальная, д. 43А'|'7326021672'|''
'ТОВАРИЩЕСТВО СОБСТВЕННИКОВ НЕДВИЖИМОСТИ "БЛАГОДАТНОЕ"'|'ТСН "БЛАГОДАТНОЕ"'|'432044, ОБЛАСТЬ УЛЬЯНОВСКАЯ, ГОРОД УЛЬЯНОВСК, ПЕРЕУЛОК БЛАГОДАТНЫЙ 2-Й, д. ДОМ 30, кв. КВАРТИРА 33'|'Ульяновская обл, г. Ульяновск, пер. Благодатный 2-й, д. 30'|'7326054861'|''
'ТОВАРИЩЕСТВО СОБСТВЕННИКОВ НЕДВИЖИМОСТИ БУИНСКИЙ'|'ТСН БУИНСКИЙ'|'432071, УЛЬЯНОВСКАЯ ОБЛАСТЬ, Г УЛЬЯНОВСК, ПЕР БУИНСКИЙ, д. Д. 1, кв. ПОМЕЩ. 1'|'Ульяновская обл, г. Ульяновск, пер. Буинский, д. 1'|'7300038390'|''
'ТОВАРИЩЕСТВО СОБСТВЕННИКОВ НЕДВИЖИМОСТИ "ВОЛЖСКИЕ ПРОСТОРЫ"'|'ТСН "ВОЛЖСКИЕ ПРОСТОРЫ"'|'432012, ОБЛАСТЬ УЛЬЯНОВСКАЯ, ГОРОД УЛЬЯНОВСК, УЛИЦА ЛУНАЧАРСКОГО, д. ДОМ 23А, кв. ПОМЕЩЕНИЕ Х'|'Ульяновская обл, г. Ульяновск, ул. Луначарского, д. 23А'|'7326057407'|''
'ТОВАРИЩЕСТВО СОБСТВЕННИКОВ НЕДВИЖИМОСТИ "ГАЛАКТИКА"'|'ТСН "ГАЛАКТИКА"'|'432034, ОБЛ УЛЬЯНОВСКАЯ, Г УЛЬЯНОВСК, УЛ ТЕРЕШКОВОЙ, д. ДОМ 6Б, кв. КВАРТИРА 145'|'Ульяновская обл, г. Ульяновск, ул. Терешковой, д. 6Б'|'7327075423'|''
'ТОВАРИЩЕСТВО СОБСТВЕННИКОВ НЕДВИЖИМОСТИ (ЖИЛЬЯ) "ГОРОДСКАЯ УСАДЬБА"'|'ТСН "ГОРОДСКАЯ УСАДЬБА"'|'432026, Ульяновская область, Г УЛЬЯНОВСК, УЛ ГОРОДСКАЯ УСАДЬБА, д. Д. 14А, кв. КВ. 56'|'Ульяновская обл, г. Ульяновск, ул. Городская усадьба, д. 14А'|'7300011920'|''
'ТОВАРИЩЕСТВО СОБСТВЕННИКОВ НЕДВИЖИМОСТИ "ГРАНИТ"'|'ТСН "ГРАНИТ"'|'432029, ОБЛАСТЬ УЛЬЯНОВСКАЯ, ГОРОД УЛЬЯНОВСК, УЛИЦА КОРУНКОВОЙ, д. ДОМ 23, кв. КВАРТИРА 185'|'Ульяновская обл, г. Ульяновск, ул. Корунковой, д. 23'|'7327091129'|''
'ТОВАРИЩЕСТВО СОБСТВЕННИКОВ НЕДВИЖИМОСТИ "ДИМИТРОВА-3"'|'ТСН "ДИМИТРОВА-3"'|'432046, УЛЬЯНОВСКАЯ ОБЛАСТЬ, Г УЛЬЯНОВСК, УЛ ДИМИТРОВА, д. Д. 3, кв. КВ. 17'|'Ульяновская обл, г. Ульяновск, ул. Димитрова, д. 3'|'7300027863'|''
'ТОВАРИЩЕСТВО СОБСТВЕННИКОВ НЕДВИЖИМОСТИ "ДОБРЫЙ СОСЕД"'|'ТСН "ДОБРЫЙ СОСЕД"'|'432001, ОБЛ. УЛЬЯНОВСКАЯ, Г. Ульяновск, ПЕР. РОБЕСПЬЕРА, д. Д. 19, кв. ПОМЕЩ. №8 2 ЭТАЖ'|'Ульяновская обл, г. Ульяновск, пер. Робеспьера, д. 19'|'7325172527'|''
'ТОВАРИЩЕСТВО СОБСТВЕННИКОВ НЕДВИЖИМОСТИ "ДОКУЧАЕВА, 14"'|'ТСН "ДОКУЧАЕВА,14"'|'432027, ОБЛАСТЬ УЛЬЯНОВСКАЯ, ГОРОД УЛЬЯНОВСК, УЛИЦА ДОКУЧАЕВА, д. ДОМ 14, кв. КВАРТИРА 5'|'Ульяновская обл, г. Ульяновск, ул. Докучаева, д. 14'|'7325161814'|''
'ТОВАРИЩЕСТВО СОБСТВЕННИКОВ НЕДВИЖИМОСТИ "ДОМ НА ШЕВЦОВОЙ"'|'ТСН "ДОМ НА ШЕВЦОВОЙ"'|'432027, ОБЛАСТЬ УЛЬЯНОВСКАЯ, Г. УЛЬЯНОВСК, УЛ. ЛЮБОВИ ШЕВЦОВОЙ, д. Д. 42/26, кв. КВ. 29'|'Ульяновская обл, г. Ульяновск, ул. Любови Шевцовой, д. 42/26'|'7325162007'|''
'ТОВАРИЩЕСТВО СОБСТВЕННИКОВ НЕДВИЖИМОСТИ "ЖАСМИН"'|'ТСН "ЖАСМИН"'|'432027, ОБЛ. УЛЬЯНОВСКАЯ, Г. Ульяновск, УЛ. СЕВЕРНЫЙ ВЕНЕЦ, д. Д. 12, кв. КВ. 27'|'Ульяновская обл, г. Ульяновск, ул. Северный Венец, д. 12'|'7325173263'|''
'ТОВАРИЩЕСТВО СОБСТВЕННИКОВ НЕДВИЖИМОСТИ "ЖИГУЛЕВСКАЯ-62"'|'ТСН "ЖИГУЛЕВСКАЯ-62"'|'432029, ОБЛАСТЬ УЛЬЯНОВСКАЯ, ГОРОД УЛЬЯНОВСК, УЛИЦА ЖИГУЛЕВСКАЯ, д. ДОМ 62, кв. КВАРТИРА 25'|'Ульяновская обл, г. Ульяновск, ул. Жигулевская, д. 62'|'7327010056'|''
'ТОВАРИЩЕСТВО СОБСТВЕННИКОВ НЕДВИЖИМОСТИ "ИППОДРОМНАЯ"'|'ТСН "ИППОДРОМНАЯ"'|'432030, УЛЬЯНОВСКАЯ ОБЛАСТЬ, Г УЛЬЯНОВСК, УЛ ИППОДРОМНАЯ, д. Д. 4А, кв. КВ. 413'|'Ульяновская обл, г. Ульяновск, ул. Ипподромная, д. 4А'|'7300032060'|''
'ТОВАРИЩЕСТВО СОБСТВЕННИКОВ НЕДВИЖИМОСТИ "КАРАВЕЛЛА"'|'ТСН "КАРАВЕЛЛА"'|'432027, Ульяновская обл, р-н Ленинский, г Ульяновск, ул Северный Венец, д. 8, кв. 4'|'Ульяновская обл, г. Ульяновск, ул. Северный Венец, д. 8'|'7325135684'|''
'ТОВАРИЩЕСТВО СОБСТВЕННИКОВ НЕДВИЖИМОСТИ "КОВЧЕГЪ"'|'ТСН "КОВЧЕГЪ"'|'432012, ОБЛАСТЬ УЛЬЯНОВСКАЯ, ГОРОД УЛЬЯНОВСК, УЛИЦА КЛУБНАЯ, д. ДОМ 4, кв. КВАРТИРА 63'|'Ульяновская обл, г. Ульяновск, ул. Клубная, д. 4'|'7321007145'|''
'ТОВАРИЩЕСТВО СОБСТВЕННИКОВ НЕДВИЖИМОСТИ "КОЛЬЦЕВАЯ 34"'|'ТСН "КОЛЬЦЕВАЯ 34"'|'432044, ОБЛАСТЬ УЛЬЯНОВСКАЯ, ГОРОД УЛЬЯНОВСК, УЛИЦА КОЛЬЦЕВАЯ, д. ДОМ 34, кв. КВАРТИРА 58'|'Ульяновская обл, г. Ульяновск, ул. Кольцевая, д. 34'|'7326053875'|''
'ТОВАРИЩЕСТВО СОБСТВЕННИКОВ НЕДВИЖИМОСТИ "КОНДОМИНИУМ АГАТ"'|'ТСН "Кондоминиум Агат"'|'432032, ОБЛАСТЬ УЛЬЯНОВСКАЯ, Г. УЛЬЯНОВСК, УЛ. ОКТЯБРЬСКАЯ, д. Д.34'|'Ульяновская обл, г. Ульяновск, ул. Октябрьская, д. 34'|'7327017968'|''
'ТОВАРИЩЕСТВО СОБСТВЕННИКОВ НЕДВИЖИМОСТИ "КОШКИН ДОМ"'|'ТСН "КОШКИН ДОМ"'|'432000, ОБЛАСТЬ УЛЬЯНОВСКАЯ, ГОРОД УЛЬЯНОВСК, УЛИЦА СПАССКАЯ, д. ДОМ 16, кв. КВАРТИРА 7'|'Ульяновская обл, г. Ульяновск, ул. Спасская, д. 16'|'7325162409'|''
'ТОВАРИЩЕСТВО СОБСТВЕННИКОВ НЕДВИЖИМОСТИ "КУЗОВАТОВСКАЯ 37"'|'ТСН "КУЗОВАТОВСКАЯ 37"'|'432045, УЛЬЯНОВСКАЯ ОБЛАСТЬ, Г. УЛЬЯНОВСК, УЛ. КУЗОВАТОВСКАЯ, д. Д. 37, кв. КВ. 73'|'Ульяновская обл, г. Ульяновск, ул. Кузоватовская, д. 37'|'7327076346'|''
'ТОВАРИЩЕСТВО СОБСТВЕННИКОВ НЕДВИЖИМОСТИ "Л-12"'|'ТСН "Л-12"'|'432044, УЛЬЯНОВСКАЯ ОБЛАСТЬ, Г УЛЬЯНОВСК, УЛ ЛУНАЧАРСКОГО, д. Д. 12, кв. КВ. 81'|'Ульяновская обл, г. Ульяновск, ул. Луначарского, д. 12'|'7326051250'|''
'ТОВАРИЩЕСТВО СОБСТВЕННИКОВ НЕДВИЖИМОСТИ "ЛАСТОЧКА"'|'ТСН "ЛАСТОЧКА"'|'432027, УЛЬЯНОВСКАЯ ОБЛАСТЬ, Г УЛЬЯНОВСК, УЛ РАДИЩЕВА, д. Д. 172, кв. КВ. 52'|'Ульяновская обл, г. Ульяновск, ул. Радищева, д. 172'|'7300020184'|''
'ТОВАРИЩЕСТВО СОБСТВЕННИКОВ НЕДВИЖИМОСТИ "ЛИСИНОЕ"'|'ТСН "ЛИСИНОЕ"'|'432017, УЛЬЯНОВСКАЯ ОБЛАСТЬ, Г. УЛЬЯНОВСК, УЛ. КАРЛА ЛИБКНЕХТА, д. Д. 20, кв. КВ. 16'|'Ульяновская обл, г. Ульяновск, ул. Карла Либкнехта, д. 20'|'7325164484'|''
'ТОВАРИЩЕСТВО СОБСТВЕННИКОВ НЕДВИЖИМОСТИ (ЖИЛЬЯ) "ЛУНАЧАРСКОГО"'|'ТСН "ЛУНАЧАРСКОГО"'|'432012, ОБЛАСТЬ УЛЬЯНОВСКАЯ, ГОРОД УЛЬЯНОВСК, УЛИЦА ЛУНАЧАРСКОГО, д. ДОМ 23В, к. КОРПУС 1'|'Ульяновская обл, г. Ульяновск, ул. Луначарского, д. 23В, корп. 1'|'7326053265'|''
'ТОВАРИЩЕСТВО СОБСТВЕННИКОВ НЕДВИЖИМОСТИ "МИРА 22"'|'ТСН "МИРА 22"'|'432011, ОБЛАСТЬ УЛЬЯНОВСКАЯ, ГОРОД УЛЬЯНОВСК, УЛИЦА МИРА, д. ДОМ 22, к. КОРПУС 1, кв. ПОМЕЩЕНИЕ 10'|'Ульяновская обл, г. Ульяновск, ул. Мира, д. 22, корп. 1'|'7325162310'|''
'ТОВАРИЩЕСТВО СОБСТВЕННИКОВ НЕДВИЖИМОСТИ "НА КАРЛА ЛИБКНЕХТА, 21"'|'ТСН "НА КАРЛА ЛИБКНЕХТА, 21"'|'432063, ОБЛ УЛЬЯНОВСКАЯ, Г УЛЬЯНОВСК, УЛ КАРЛА ЛИБКНЕХТА, д. ДОМ 21, кв. КВАРТИРА 31'|'Ульяновская обл, г. Ульяновск, ул. Карла Либкнехта, д. 21'|'7325155384'|''
'ТОВАРИЩЕСТВО СОБСТВЕННИКОВ НЕДВИЖИМОСТИ "НАРИМАНОВА 132"'|'ТСН "НАРИМАНОВА 132"'|'432030, УЛЬЯНОВСКАЯ ОБЛАСТЬ, Г УЛЬЯНОВСК, ПР-КТ НАРИМАНОВА, д. Д. 132Г, кв. КВ. 10'|'Ульяновская обл, г. Ульяновск, пр-кт. Нариманова, д. 132Г'|'7300013821'|''
'ТОВАРИЩЕСТВО СОБСТВЕННИКОВ НЕДВИЖИМОСТИ "НОВОСОНДЕЦКИЙ 19"'|'ТСН "НОВОСОНДЕЦКИЙ №19"'|'432072, Ульяновская обл, г Ульяновск, б-р Новосондецкий, д. 19, кв. 73'|'Ульяновская обл, г. Ульяновск, б-р. Новосондецкий, д. 19'|'7328083113'|''
'ТОВАРИЩЕСТВО СОБСТВЕННИКОВ НЕДВИЖИМОСТИ "ОТРАДНАЯ 83"'|'ТСН "ОТРАДНАЯ 83"'|'432066, ОБЛАСТЬ УЛЬЯНОВСКАЯ, ГОРОД УЛЬЯНОВСК, УЛИЦА ОТРАДНАЯ, д. ДОМ 83, кв. КВАРТИРА 93'|'Ульяновская обл, г. Ульяновск, ул. Отрадная, д. 83'|'7327094810'|''
'ТОВАРИЩЕСТВО СОБСТВЕННИКОВ НЕДВИЖИМОСТИ "ПЕНЗЕНСКИЙ 20"'|'ТСН "ПЕНЗЕНСКИЙ 20"'|'432063, УЛЬЯНОВСКАЯ ОБЛАСТЬ, Г УЛЬЯНОВСК, Б-Р ПЕНЗЕНСКИЙ, д. Д. 20, кв. КВ. 30'|'Ульяновская обл, г. Ульяновск, б-р. Пензенский, д. 20'|'7300042935'|''
'ТОВАРИЩЕСТВО СОБСТВЕННИКОВ НЕДВИЖИМОСТИ "ПЕРЕСВЕТ"'|'ТСН "ПЕРЕСВЕТ"'|'432027, ОБЛ. УЛЬЯНОВСКАЯ, Г. Ульяновск, УЛ. СЕВЕРНЫЙ ВЕНЕЦ, д. Д. 14, кв. КВ. 28'|'Ульяновская обл, г. Ульяновск, ул. Северный Венец, д. 14'|'7325171876'|''
'ТОВАРИЩЕСТВО СОБСТВЕННИКОВ НЕДВИЖИМОСТИ "ПОКРОВ"'|'ТСН "ПОКРОВ"'|'432027, Ульяновская область, Г УЛЬЯНОВСК, УЛ ДОКУЧАЕВА, д. Д. 28, кв. КВ. 2'|'Ульяновская обл, г. Ульяновск, ул. Докучаева, д. 28'|'7300025866'|''
'ТОВАРИЩЕСТВО СОБСТВЕННИКОВ НЕДВИЖИМОСТИ "ПРИБРЕЖНЫЙ"'|'ТСН "ПРИБРЕЖНЫЙ"'|'432027, ОБЛАСТЬ УЛЬЯНОВСКАЯ, ГОРОД УЛЬЯНОВСК, УЛИЦА СЕВЕРНЫЙ ВЕНЕЦ, д. ДОМ 30, кв. КВАРТИРА 4'|'Ульяновская обл, г. Ульяновск, ул. Северный Венец, д. 30'|'7325171570'|''
'ТОВАРИЩЕСТВО СОБСТВЕННИКОВ НЕДВИЖИМОСТИ "РАДИЩЕВА 26"'|'ТСН "РАДИЩЕВА 26"'|'432011, Ульяновская область, Г УЛЬЯНОВСК, УЛ РАДИЩЕВА, д. Д. 26, кв. КВ. 5'|'Ульяновская обл, г. Ульяновск, ул. Радищева, д. 26'|'7300009920'|''
'ТОВАРИЩЕСТВО СОБСТВЕННИКОВ НЕДВИЖИМОСТИ "РЕПИНО"'|'ТСН "Репино"'|'432026, УЛЬЯНОВСКАЯ ОБЛАСТЬ, Г. УЛЬЯНОВСК, УЛ. РЕПИНА, д. Д.49, кв. КВ.223'|'Ульяновская обл, г. Ульяновск, ул. Репина'|'7325062796'|''
'ТОВАРИЩЕСТВО СОБСТВЕННИКОВ НЕДВИЖИМОСТИ "САМАРСКАЯ,11"'|'ТСН "САМАРСКАЯ,11"'|'432029, ОБЛАСТЬ УЛЬЯНОВСКАЯ, ГОРОД УЛЬЯНОВСК, УЛИЦА САМАРСКАЯ, д. ДОМ 11, кв. КВАРТИРА 188'|'Ульяновская обл, г. Ульяновск, ул. Самарская, д. 11'|'7327091640'|''
'ТОВАРИЩЕСТВО СОБСТВЕННИКОВ НЕДВИЖИМОСТИ "СВОЙ ДОМ"'|'ТСН "СВОЙ ДОМ"'|'432063, ОБЛ УЛЬЯНОВСКАЯ, Г УЛЬЯНОВСК, ПЕР ПОЖАРНЫЙ, д. ДОМ 8, кв. КВАРТИРА 47'|'Ульяновская обл, г. Ульяновск, пер. Пожарный, д. 8'|'7325145770'|''
'ТОВАРИЩЕСТВО СОБСТВЕННИКОВ НЕДВИЖИМОСТИ "СКОЧИЛОВА"'|'ТСН "СКОЧИЛОВА"'|'432026, ОБЛАСТЬ УЛЬЯНОВСКАЯ, Г. УЛЬЯНОВСК, УЛ. СКОЧИЛОВА, д. Д. 5, кв. КВ. 40'|'Ульяновская обл, г. Ульяновск, ул. Скочилова, д. 5'|'7325169041'|''
'ТОВАРИЩЕСТВО СОБСТВЕННИКОВ НЕДВИЖИМОСТИ "ТОВАРИЩЕСТВО СОБСТВЕННИКОВ ЖИЛЬЯ - 30"'|'ТСН "ТСЖ - 30"'|'432054, ОБЛАСТЬ УЛЬЯНОВСКАЯ, ГОРОД УЛЬЯНОВСК, УЛИЦА КАМЫШИНСКАЯ, д. ДОМ 30, кв. КВАРТИРА 42'|'Ульяновская обл, г. Ульяновск, ул. Камышинская, д. 30'|'7327007720'|''
'ТОВАРИЩЕСТВО СОБСТВЕННИКОВ НЕДВИЖИМОСТИ "ТОВАРИЩЕСТВО СОБСТВЕННИКОВ ЖИЛЬЯ "ДИМИТРОВА 2"'|'ТСН "ТСЖ "ДИМИТРОВА 2"'|'432010, ОБЛ УЛЬЯНОВСКАЯ, Г УЛЬЯНОВСК, УЛ ДИМИТРОВА, д. ДОМ 2, кв. КВАРТИРА 24'|'Ульяновская обл, г. Ульяновск, ул. Димитрова, д. 2'|'7328086562'|''
'ТОВАРИЩЕСТВО СОБСТВЕННИКОВ НЕДВИЖИМОСТИ ТОВАРИЩЕСТВО СОБСТВЕННИКОВ ЖИЛЬЯ "ЗАПОВЕДНИК"'|'ТСН ТСЖ "ЗАПОВЕДНИК"'|'432032, УЛЬЯНОВСКАЯ ОБЛАСТЬ, Г УЛЬЯНОВСК, УЛ ОКТЯБРЬСКАЯ, д. Д. 32А, кв. КВ. 7'|'Ульяновская обл, г. Ульяновск, ул. Октябрьская, д. 32А'|'7327096303'|''
'ТОВАРИЩЕСТВО СОБСТВЕННИКОВ НЕДВИЖИМОСТИ "ТСЖ КИНДЯКОВЫХ 32В"'|'ТСН "ТСЖ КИНДЯКОВЫХ 32В"'|'432044, ОБЛАСТЬ УЛЬЯНОВСКАЯ, ГОРОД УЛЬЯНОВСК, УЛИЦА КИНДЯКОВЫХ, д. ДОМ 32В, кв. КВАРТИРА 24'|'Ульяновская обл, г. Ульяновск, ул. Киндяковых, д. 32В'|'7321009150'|''
'ТОВАРИЩЕСТВО СОБСТВЕННИКОВ НЕДВИЖИМОСТИ "ТОВАРИЩЕСТВО СОБСТВЕННИКОВ ЖИЛЬЯ ОКТЯБРЬСКАЯ 35"'|'ТСН "ТСЖ ОКТЯБРЬСКАЯ 35"'|'432028, ОБЛ. УЛЬЯНОВСКАЯ, Г. Ульяновск, УЛ. ОКТЯБРЬСКАЯ, д. Д. 35, кв. КВ. 14'|'Ульяновская обл, г. Ульяновск, ул. Октябрьская, д. 35'|'7327100790'|''
'ТОВАРИЩЕСТВО СОБСТВЕННИКОВ НЕДВИЖИМОСТИ "ТОВАРИЩЕСТВО СОБСТВЕННИКОВ ЖИЛЬЯ ОКТЯБРЬСКАЯ 37"'|'ТСН "ТСЖ ОКТЯБРЬСКАЯ 37"'|'432028, ОБЛАСТЬ УЛЬЯНОВСКАЯ, ГОРОД УЛЬЯНОВСК, УЛИЦА ОКТЯБРЬСКАЯ, д. ДОМ 37, кв. КВАРТИРА 21'|'Ульяновская обл, г. Ульяновск, ул. Октябрьская, д. 37'|'7327087806'|''
'ТОВАРИЩЕСТВО СОБСТВЕННИКОВ НЕДВИЖИМОСТИ "ТОВАРИЩЕСТВО СОБСТВЕННИКОВ ЖИЛЬЯ ОМЕГА"'|'ТСН "ТСЖ ОМЕГА"'|'432059, ОБЛАСТЬ УЛЬЯНОВСКАЯ, ГОРОД УЛЬЯНОВСК, ПРОСПЕКТ ТЮЛЕНЕВА, д. ДОМ 10, кв. КВАРТИРА 153'|'Ульяновская обл, г. Ульяновск, пр-кт. Генерала Тюленева, д. 10'|'7328107220'|''
'ТОВАРИЩЕСТВО СОБСТВЕННИКОВ НЕДВИЖИМОСТИ "ТОВАРИЩЕСТВО СОБСТВЕННИКОВ ЖИЛЬЯ ОПТИМУМ"'|'ТСН "ТСЖ ОПТИМУМ"'|'432072, ОБЛАСТЬ УЛЬЯНОВСКАЯ, ГОРОД УЛЬЯНОВСК, БУЛЬВАР НОВОСОНДЕЦКИЙ, д. ДОМ 22, кв. ПОМЕЩЕНИЕ 1'|'Ульяновская обл, г. Ульяновск, б-р. Новосондецкий, д. 22'|'7328102768'|''
'ТОВАРИЩЕСТВО СОБСТВЕННИКОВ НЕДВИЖИМОСТИ "ТОВАРИЩЕСТВО СОБСТВЕННИКОВ ЖИЛЬЯ ПОЛБИНА 40"'|'ТСН "ТСЖ ПОЛБИНА 40"'|'432032, ОБЛ УЛЬЯНОВСКАЯ, Г УЛЬЯНОВСК, УЛ ПОЛБИНА, д. ДОМ 40, кв. КВАРТИРА 44'|'Ульяновская обл, г. Ульяновск, ул. Полбина, д. 40'|'7327085397'|''
'ТОВАРИЩЕСТВО СОБСТВЕННИКОВ НЕДВИЖИМОСТИ "ТОВАРИЩЕСТВО СОБСТВЕННИКОВ ЖИЛЬЯ ПОЛБИНА 57"'|'ТСН "ТСЖ ПОЛБИНА 57"'|'432032, УЛЬЯНОВСКАЯ ОБЛАСТЬ, Г УЛЬЯНОВСК, УЛ ПОЛБИНА, д. Д. 57, кв. КВ. 78'|'Ульяновская обл, г. Ульяновск, ул. Полбина, д. 57'|'7300034532'|''
'ТОВАРИЩЕСТВО СОБСТВЕННИКОВ НЕДВИЖИМОСТИ "ТОВАРИЩЕСТВО СОБСТВЕННИКОВ ЖИЛЬЯ "РОЩА"'|'ТСН "ТСЖ "РОЩА"'|'432012, ОБЛАСТЬ УЛЬЯНОВСКАЯ, ГОРОД УЛЬЯНОВСК, ПРОСПЕКТ ГАЯ, д. ДОМ 1, к. КОРПУС 1, кв. КВАРТИРА 91'|'Ульяновская обл, г. Ульяновск, пр-кт. Гая, д. 1, корп. 1'|'7321006600'|''
'ТОВАРИЩЕСТВО СОБСТВЕННИКОВ НЕДВИЖИМОСТИ "ТОВАРИЩЕСТВО СОБСТВЕННИКОВ ЖИЛЬЯ "РЯБИКОВА, 86"'|'ТСН "ТСЖ "РЯБИКОВА, 86"'|'432054, ОБЛАСТЬ УЛЬЯНОВСКАЯ, ГОРОД УЛЬЯНОВСК, УЛИЦА РЯБИКОВА, д. ДОМ 86, кв. КВАРТИРА 61'|'Ульяновская обл, г. Ульяновск, ул. Рябикова, д. 86'|'7327088528'|''
'ТОВАРИЩЕСТВО СОБСТВЕННИКОВ НЕДВИЖИМОСТИ "ТСЖ "УЛЬЯНОВСКИЙ 17"'|'ТСН "ТСЖ "УЛЬЯНОВСКИЙ 17"'|'432067, ОБЛАСТЬ УЛЬЯНОВСКАЯ, ГОРОД УЛЬЯНОВСК, ПРОСПЕКТ УЛЬЯНОВСКИЙ, д. ДОМ 17, кв. КВАРТИРА 317'|'Ульяновская обл, г. Ульяновск, пр-кт. Ульяновский, д. 17'|'7328103514'|''
'ТОВАРИЩЕСТВО СОБСТВЕННИКОВ НЕДВИЖИМОСТИ "ТОВАРИЩЕСТВО СОБСТВЕННИКОВ ЖИЛЬЯ "УЛЬЯНОВСКИЙ ПРОСПЕКТ, 13"'|'ТСН "ТСЖ "УЛЬЯНОВСКИЙ ПРОСПЕКТ, 13"'|'432072, ОБЛ. УЛЬЯНОВСКАЯ, Г. Ульяновск, ПР-КТ УЛЬЯНОВСКИЙ, д. Д. 13, кв. КВ. 246'|'Ульяновская обл, г. Ульяновск, пр-кт. Ульяновский, д. 13'|'7300002192'|''
'ТОВАРИЩЕСТВО СОБСТВЕННИКОВ НЕДВИЖИМОСТИ "ТОВАРИЩЕСТВО СОБСТВЕННИКОВ ЖИЛЬЯ "УЛЬЯНОВСКИЙ ПРОСПЕКТ №2"'|'ТСН "ТСЖ "УЛЬЯНОВСКИЙ ПРОСПЕКТ № 2"'|'432059, Ульяновская область, Г УЛЬЯНОВСК, ПР-КТ УЛЬЯНОВСКИЙ, д. Д. 2, кв. ПОМЕЩ. 59'|'Ульяновская обл, г. Ульяновск, пр-кт. Ульяновский, д. 2'|'7328093792'|''
'ТОВАРИЩЕСТВО СОБСТВЕННИКОВ НЕДВИЖИМОСТИ "ФЕДЕРАЦИИ 130"'|'ТСН "ФЕДЕРАЦИИ 130"'|'432027, Ульяновская область, Г УЛЬЯНОВСК, УЛ ФЕДЕРАЦИИ, д. Д. 130, кв. ПОМЕЩ. 1'|'Ульяновская обл, г. Ульяновск, ул. Федерации, д. 130'|'7300018548'|''
'ТОВАРИЩЕСТВО СОБСТВЕННИКОВ НЕДВИЖИМОСТИ "ЯКОВЛЕВА"'|'ТСН "ЯКОВЛЕВА"'|'432001, УЛЬЯНОВСКАЯ ОБЛАСТЬ, Г УЛЬЯНОВСК, ПЕР ЯКОВЛЕВА, д. Д. 7, кв. КВ. 22'|'Ульяновская обл, г. Ульяновск, пер. Яковлева, д. 7'|'7325159519'|''
'ТОВАРИЩЕСТВО СОБСТВЕННИКОВ НЕДВИЖИМОСТИ "ЯНТАРЬ"'|'ТСН "ЯНТАРЬ"'|'432035, УЛЬЯНОВСКАЯ ОБЛАСТЬ, Г. УЛЬЯНОВСК, УЛ. ВАРЕЙКИСА, д. Д. 13, кв. КВ. 94'|'Ульяновская обл, г. Ульяновск, ул. Варейкиса, д. 13'|'7326055150'|''
